aphia_id,error,sis_taxon_id,valid_sciname
126307,"Error in parse_con(txt, bigint_as_char) : parse error: premature EOF
                                       
                     (right here) ------^

",NA,NA
126457,"Error in parse_con(txt, bigint_as_char) : parse error: premature EOF
                                       
                     (right here) ------^

",NA,NA
126611,"Error in parse_con(txt, bigint_as_char) : parse error: premature EOF
                                       
                     (right here) ------^

",NA,NA
126613,"Error in parse_con(txt, bigint_as_char) : parse error: premature EOF
                                       
                     (right here) ------^

",NA,NA
126616,"Error in parse_con(txt, bigint_as_char) : parse error: premature EOF
                                       
                     (right here) ------^

",NA,NA
126942,"Error in parse_con(txt, bigint_as_char) : parse error: premature EOF
                                       
                     (right here) ------^

",NA,NA
127034,"Error in parse_con(txt, bigint_as_char) : parse error: premature EOF
                                       
                     (right here) ------^

",NA,NA
127036,"Error in parse_con(txt, bigint_as_char) : parse error: premature EOF
                                       
                     (right here) ------^

",NA,NA
127096,"Error in parse_con(txt, bigint_as_char) : parse error: premature EOF
                                       
                     (right here) ------^

",NA,NA
135180,"Error in parse_con(txt, bigint_as_char) : parse error: premature EOF
                                       
                     (right here) ------^

",NA,NA
151498,NA,196421,Crenimugil crenilabis
158074,NA,5379,Coregonus huntsmani
158833,"Error in parse_con(txt, bigint_as_char) : parse error: premature EOF
                                       
                     (right here) ------^

",NA,NA
159252,"Error in parse_con(txt, bigint_as_char) : parse error: premature EOF
                                       
                     (right here) ------^

",NA,NA
159845,"Error in parse_con(txt, bigint_as_char) : parse error: premature EOF
                                       
                     (right here) ------^

",NA,NA
212265,"Error in parse_con(txt, bigint_as_char) : parse error: premature EOF
                                       
                     (right here) ------^

",NA,NA
212284,"Error in parse_con(txt, bigint_as_char) : parse error: premature EOF
                                       
                     (right here) ------^

",NA,NA
215515,"Error in parse_con(txt, bigint_as_char) : parse error: premature EOF
                                       
                     (right here) ------^

",NA,NA
215600,"Error in parse_con(txt, bigint_as_char) : parse error: premature EOF
                                       
                     (right here) ------^

",NA,NA
217434,"Error in parse_con(txt, bigint_as_char) : parse error: premature EOF
                                       
                     (right here) ------^

",NA,NA
217570,"Error in parse_con(txt, bigint_as_char) : parse error: premature EOF
                                       
                     (right here) ------^

",NA,NA
218105,"Error in parse_con(txt, bigint_as_char) : parse error: premature EOF
                                       
                     (right here) ------^

",NA,NA
218168,"Error in parse_con(txt, bigint_as_char) : parse error: premature EOF
                                       
                     (right here) ------^

",NA,NA
218193,"Error in parse_con(txt, bigint_as_char) : parse error: premature EOF
                                       
                     (right here) ------^

",NA,NA
219539,"Error in parse_con(txt, bigint_as_char) : parse error: premature EOF
                                       
                     (right here) ------^

",NA,NA
219764,"Error in parse_con(txt, bigint_as_char) : parse error: premature EOF
                                       
                     (right here) ------^

",NA,NA
219846,"Error in parse_con(txt, bigint_as_char) : parse error: premature EOF
                                       
                     (right here) ------^

",NA,NA
219914,"Error in parse_con(txt, bigint_as_char) : parse error: premature EOF
                                       
                     (right here) ------^

",NA,NA
220077,"Error in parse_con(txt, bigint_as_char) : parse error: premature EOF
                                       
                     (right here) ------^

",NA,NA
220327,"Error in parse_con(txt, bigint_as_char) : parse error: premature EOF
                                       
                     (right here) ------^

",NA,NA
221512,"Error in parse_con(txt, bigint_as_char) : parse error: premature EOF
                                       
                     (right here) ------^

",NA,NA
238343,"Error in parse_con(txt, bigint_as_char) : parse error: premature EOF
                                       
                     (right here) ------^

",NA,NA
254568,NA,5375,Coregonus pidschian
271324,"Error in parse_con(txt, bigint_as_char) : parse error: premature EOF
                                       
                     (right here) ------^

",NA,NA
271485,"Error in parse_con(txt, bigint_as_char) : parse error: premature EOF
                                       
                     (right here) ------^

",NA,NA
271542,NA,144159779,Dipturus chilensis
271552,"Error in parse_con(txt, bigint_as_char) : parse error: premature EOF
                                       
                     (right here) ------^

",NA,NA
271555,NA,41800,Dipturus nasutus
271562,"Error in parse_con(txt, bigint_as_char) : parse error: premature EOF
                                       
                     (right here) ------^

",NA,NA
271871,NA,195780,Gymnothorax polyuranodon
271995,"Error in parse_con(txt, bigint_as_char) : parse error: premature EOF
                                       
                     (right here) ------^

",NA,NA
272091,"Error in parse_con(txt, bigint_as_char) : parse error: premature EOF
                                       
                     (right here) ------^

",NA,NA
272724,"Error in parse_con(txt, bigint_as_char) : parse error: premature EOF
                                       
                     (right here) ------^

",NA,NA
273165,"Error in parse_con(txt, bigint_as_char) : parse error: premature EOF
                                       
                     (right here) ------^

",NA,NA
273174,"Error in parse_con(txt, bigint_as_char) : parse error: premature EOF
                                       
                     (right here) ------^

",NA,NA
273600,"Error in parse_con(txt, bigint_as_char) : parse error: premature EOF
                                       
                     (right here) ------^

",NA,NA
273633,"Error in parse_con(txt, bigint_as_char) : parse error: premature EOF
                                       
                     (right here) ------^

",NA,NA
274308,"Error in parse_con(txt, bigint_as_char) : parse error: premature EOF
                                       
                     (right here) ------^

",NA,NA
274313,"Error in parse_con(txt, bigint_as_char) : parse error: premature EOF
                                       
                     (right here) ------^

",NA,NA
274315,"Error in parse_con(txt, bigint_as_char) : parse error: premature EOF
                                       
                     (right here) ------^

",NA,NA
274338,NA,159717792,Coregonus anaulorum
274344,NA,5374,Coregonus peled
274732,"Error in parse_con(txt, bigint_as_char) : parse error: premature EOF
                                       
                     (right here) ------^

",NA,NA
275314,NA,196422,Crenimugil heterocheilos
275921,"Error in parse_con(txt, bigint_as_char) : parse error: premature EOF
                                       
                     (right here) ------^

",NA,NA
276342,"Error in parse_con(txt, bigint_as_char) : parse error: premature EOF
                                       
                     (right here) ------^

",NA,NA
276978,"Error in parse_con(txt, bigint_as_char) : parse error: premature EOF
                                       
                     (right here) ------^

",NA,NA
277632,NA,169636,Bathygobius ostreicola
277754,"Error in parse_con(txt, bigint_as_char) : parse error: premature EOF
                                       
                     (right here) ------^

",NA,NA
277788,"Error in parse_con(txt, bigint_as_char) : parse error: premature EOF
                                       
                     (right here) ------^

",NA,NA
277828,"Error in parse_con(txt, bigint_as_char) : parse error: premature EOF
                                       
                     (right here) ------^

",NA,NA
277830,"Error in parse_con(txt, bigint_as_char) : parse error: premature EOF
                                       
                     (right here) ------^

",NA,NA
277905,"Error in parse_con(txt, bigint_as_char) : parse error: premature EOF
                                       
                     (right here) ------^

",NA,NA
277906,"Error in parse_con(txt, bigint_as_char) : parse error: premature EOF
                                       
                     (right here) ------^

",NA,NA
278509,"Error in parse_con(txt, bigint_as_char) : parse error: premature EOF
                                       
                     (right here) ------^

",NA,NA
278549,"Error in parse_con(txt, bigint_as_char) : parse error: premature EOF
                                       
                     (right here) ------^

",NA,NA
278628,"Error in parse_con(txt, bigint_as_char) : parse error: premature EOF
                                       
                     (right here) ------^

",NA,NA
278890,"Error in parse_con(txt, bigint_as_char) : parse error: premature EOF
                                       
                     (right here) ------^

",NA,NA
279109,"Error in parse_con(txt, bigint_as_char) : parse error: premature EOF
                                       
                     (right here) ------^

",NA,NA
279489,"Error in parse_con(txt, bigint_as_char) : parse error: premature EOF
                                       
                     (right here) ------^

",NA,NA
279587,"Error in parse_con(txt, bigint_as_char) : parse error: premature EOF
                                       
                     (right here) ------^

",NA,NA
279638,"Error in parse_con(txt, bigint_as_char) : parse error: premature EOF
                                       
                     (right here) ------^

",NA,NA
279757,"Error in parse_con(txt, bigint_as_char) : parse error: premature EOF
                                       
                     (right here) ------^

",NA,NA
279959,"Error in parse_con(txt, bigint_as_char) : parse error: premature EOF
                                       
                     (right here) ------^

",NA,NA
280138,"Error in parse_con(txt, bigint_as_char) : parse error: premature EOF
                                       
                     (right here) ------^

",NA,NA
280374,"Error in parse_con(txt, bigint_as_char) : parse error: premature EOF
                                       
                     (right here) ------^

",NA,NA
280546,"Error in parse_con(txt, bigint_as_char) : parse error: premature EOF
                                       
                     (right here) ------^

",NA,NA
281026,"Error in parse_con(txt, bigint_as_char) : parse error: premature EOF
                                       
                     (right here) ------^

",NA,NA
281157,"Error in parse_con(txt, bigint_as_char) : parse error: premature EOF
                                       
                     (right here) ------^

",NA,NA
281170,"Error in parse_con(txt, bigint_as_char) : parse error: premature EOF
                                       
                     (right here) ------^

",NA,NA
281424,"Error in parse_con(txt, bigint_as_char) : parse error: premature EOF
                                       
                     (right here) ------^

",NA,NA
281429,"Error in parse_con(txt, bigint_as_char) : parse error: premature EOF
                                       
                     (right here) ------^

",NA,NA
281590,NA,166148,Monopterus albus
282084,"Error in parse_con(txt, bigint_as_char) : parse error: premature EOF
                                       
                     (right here) ------^

",NA,NA
282164,"Error in parse_con(txt, bigint_as_char) : parse error: premature EOF
                                       
                     (right here) ------^

",NA,NA
282267,NA,143618975,Plagioscion pauciradiatus
282440,"Error in parse_con(txt, bigint_as_char) : parse error: premature EOF
                                       
                     (right here) ------^

",NA,NA
282792,"Error in parse_con(txt, bigint_as_char) : parse error: premature EOF
                                       
                     (right here) ------^

",NA,NA
282882,"Error in parse_con(txt, bigint_as_char) : parse error: premature EOF
                                       
                     (right here) ------^

",NA,NA
283185,"Error in parse_con(txt, bigint_as_char) : parse error: premature EOF
                                       
                     (right here) ------^

",NA,NA
293658,"Error in parse_con(txt, bigint_as_char) : parse error: premature EOF
                                       
                     (right here) ------^

",NA,NA
298238,"Error in parse_con(txt, bigint_as_char) : parse error: premature EOF
                                       
                     (right here) ------^

",NA,NA
299709,"Error in parse_con(txt, bigint_as_char) : parse error: premature EOF
                                       
                     (right here) ------^

",NA,NA
301526,"Error in parse_con(txt, bigint_as_char) : parse error: premature EOF
                                       
                     (right here) ------^

",NA,NA
302950,"Error in parse_con(txt, bigint_as_char) : parse error: premature EOF
                                       
                     (right here) ------^

",NA,NA
303762,"Error in parse_con(txt, bigint_as_char) : parse error: premature EOF
                                       
                     (right here) ------^

",NA,NA
304153,"Error in parse_con(txt, bigint_as_char) : parse error: premature EOF
                                       
                     (right here) ------^

",NA,NA
305635,"Error in parse_con(txt, bigint_as_char) : parse error: premature EOF
                                       
                     (right here) ------^

",NA,NA
305637,"Error in parse_con(txt, bigint_as_char) : parse error: premature EOF
                                       
                     (right here) ------^

",NA,NA
306012,NA,61253,Salmo macrostigma
307068,"Error in parse_con(txt, bigint_as_char) : parse error: premature EOF
                                       
                     (right here) ------^

",NA,NA
307072,"Error in parse_con(txt, bigint_as_char) : parse error: premature EOF
                                       
                     (right here) ------^

",NA,NA
307126,"Error in parse_con(txt, bigint_as_char) : parse error: premature EOF
                                       
                     (right here) ------^

",NA,NA
308768,"Error in parse_con(txt, bigint_as_char) : parse error: premature EOF
                                       
                     (right here) ------^

",NA,NA
308885,"Error in parse_con(txt, bigint_as_char) : parse error: premature EOF
                                       
                     (right here) ------^

",NA,NA
309697,"Error in parse_con(txt, bigint_as_char) : parse error: premature EOF
                                       
                     (right here) ------^

",NA,NA
309705,"Error in parse_con(txt, bigint_as_char) : parse error: premature EOF
                                       
                     (right here) ------^

",NA,NA
310096,"Error in parse_con(txt, bigint_as_char) : parse error: premature EOF
                                       
                     (right here) ------^

",NA,NA
311258,"Error in parse_con(txt, bigint_as_char) : parse error: premature EOF
                                       
                     (right here) ------^

",NA,NA
312021,"Error in parse_con(txt, bigint_as_char) : parse error: premature EOF
                                       
                     (right here) ------^

",NA,NA
312542,"Error in parse_con(txt, bigint_as_char) : parse error: premature EOF
                                       
                     (right here) ------^

",NA,NA
312917,"Error in parse_con(txt, bigint_as_char) : parse error: premature EOF
                                       
                     (right here) ------^

",NA,NA
313008,"Error in parse_con(txt, bigint_as_char) : parse error: premature EOF
                                       
                     (right here) ------^

",NA,NA
313909,"Error in parse_con(txt, bigint_as_char) : parse error: premature EOF
                                       
                     (right here) ------^

",NA,NA
314177,"Error in parse_con(txt, bigint_as_char) : parse error: premature EOF
                                       
                     (right here) ------^

",NA,NA
314382,"Error in parse_con(txt, bigint_as_char) : parse error: premature EOF
                                       
                     (right here) ------^

",NA,NA
314549,"Error in parse_con(txt, bigint_as_char) : parse error: premature EOF
                                       
                     (right here) ------^

",NA,NA
315019,"Error in parse_con(txt, bigint_as_char) : parse error: premature EOF
                                       
                     (right here) ------^

",NA,NA
316266,"Error in parse_con(txt, bigint_as_char) : parse error: premature EOF
                                       
                     (right here) ------^

",NA,NA
317539,"Error in parse_con(txt, bigint_as_char) : parse error: premature EOF
                                       
                     (right here) ------^

",NA,NA
317659,"Error in parse_con(txt, bigint_as_char) : parse error: premature EOF
                                       
                     (right here) ------^

",NA,NA
319394,"Error in parse_con(txt, bigint_as_char) : parse error: premature EOF
                                       
                     (right here) ------^

",NA,NA
319690,"Error in parse_con(txt, bigint_as_char) : parse error: premature EOF
                                       
                     (right here) ------^

",NA,NA
319884,"Error in parse_con(txt, bigint_as_char) : parse error: premature EOF
                                       
                     (right here) ------^

",NA,NA
320982,"Error in parse_con(txt, bigint_as_char) : parse error: premature EOF
                                       
                     (right here) ------^

",NA,NA
321715,"Error in parse_con(txt, bigint_as_char) : parse error: premature EOF
                                       
                     (right here) ------^

",NA,NA
322267,"Error in parse_con(txt, bigint_as_char) : parse error: premature EOF
                                       
                     (right here) ------^

",NA,NA
322499,"Error in parse_con(txt, bigint_as_char) : parse error: premature EOF
                                       
                     (right here) ------^

",NA,NA
344012,NA,176764,Acrochordus arafurae
344094,NA,62237,Nerodia fasciata
344095,NA,62239,Nerodia sipedon
344125,NA,176742,Thalassophis anomalus
344633,NA,176765,Hydrophis gracilis
382881,"Error in parse_con(txt, bigint_as_char) : parse error: premature EOF
                                       
                     (right here) ------^

",NA,NA
383037,"Error in parse_con(txt, bigint_as_char) : parse error: premature EOF
                                       
                     (right here) ------^

",NA,NA
383039,"Error in parse_con(txt, bigint_as_char) : parse error: premature EOF
                                       
                     (right here) ------^

",NA,NA
383043,"Error in parse_con(txt, bigint_as_char) : parse error: premature EOF
                                       
                     (right here) ------^

",NA,NA
383045,"Error in parse_con(txt, bigint_as_char) : parse error: premature EOF
                                       
                     (right here) ------^

",NA,NA
390128,"Error in parse_con(txt, bigint_as_char) : parse error: premature EOF
                                       
                     (right here) ------^

",NA,NA
398246,"Error in parse_con(txt, bigint_as_char) : parse error: premature EOF
                                       
                     (right here) ------^

",NA,NA
398371,"Error in parse_con(txt, bigint_as_char) : parse error: premature EOF
                                       
                     (right here) ------^

",NA,NA
398438,"Error in parse_con(txt, bigint_as_char) : parse error: premature EOF
                                       
                     (right here) ------^

",NA,NA
398453,"Error in parse_con(txt, bigint_as_char) : parse error: premature EOF
                                       
                     (right here) ------^

",NA,NA
398485,"Error in parse_con(txt, bigint_as_char) : parse error: premature EOF
                                       
                     (right here) ------^

",NA,NA
398660,"Error in parse_con(txt, bigint_as_char) : parse error: premature EOF
                                       
                     (right here) ------^

",NA,NA
400058,"Error in parse_con(txt, bigint_as_char) : parse error: premature EOF
                                       
                     (right here) ------^

",NA,NA
400491,"Error in parse_con(txt, bigint_as_char) : parse error: premature EOF
                                       
                     (right here) ------^

",NA,NA
401693,"Error in parse_con(txt, bigint_as_char) : parse error: premature EOF
                                       
                     (right here) ------^

",NA,NA
401818,"Error in parse_con(txt, bigint_as_char) : parse error: premature EOF
                                       
                     (right here) ------^

",NA,NA
402161,"Error in parse_con(txt, bigint_as_char) : parse error: premature EOF
                                       
                     (right here) ------^

",NA,NA
403239,"Error in parse_con(txt, bigint_as_char) : parse error: premature EOF
                                       
                     (right here) ------^

",NA,NA
403248,"Error in parse_con(txt, bigint_as_char) : parse error: premature EOF
                                       
                     (right here) ------^

",NA,NA
403345,"Error in parse_con(txt, bigint_as_char) : parse error: premature EOF
                                       
                     (right here) ------^

",NA,NA
407687,NA,177530,Parapistocalamus hedigeri
407689,"Error in parse_con(txt, bigint_as_char) : parse error: premature EOF
                                       
                     (right here) ------^

",NA,NA
413970,NA,172864,Cryptoblepharus boutonii
428203,"Error in parse_con(txt, bigint_as_char) : parse error: premature EOF
                                       
                     (right here) ------^

",NA,NA
428210,"Error in parse_con(txt, bigint_as_char) : parse error: premature EOF
                                       
                     (right here) ------^

",NA,NA
428979,"Error in parse_con(txt, bigint_as_char) : parse error: premature EOF
                                       
                     (right here) ------^

",NA,NA
429924,"Error in parse_con(txt, bigint_as_char) : parse error: premature EOF
                                       
                     (right here) ------^

",NA,NA
429965,"Error in parse_con(txt, bigint_as_char) : parse error: premature EOF
                                       
                     (right here) ------^

",NA,NA
468222,"Error in parse_con(txt, bigint_as_char) : parse error: premature EOF
                                       
                     (right here) ------^

",NA,NA
475052,"Error in parse_con(txt, bigint_as_char) : parse error: premature EOF
                                       
                     (right here) ------^

",NA,NA
475055,"Error in parse_con(txt, bigint_as_char) : parse error: premature EOF
                                       
                     (right here) ------^

",NA,NA
593473,NA,194085,Emblemariopsis arawak
593553,"Error in parse_con(txt, bigint_as_char) : parse error: premature EOF
                                       
                     (right here) ------^

",NA,NA
596250,"Error in parse_con(txt, bigint_as_char) : parse error: premature EOF
                                       
                     (right here) ------^

",NA,NA
712397,"Error in parse_con(txt, bigint_as_char) : parse error: premature EOF
                                       
                     (right here) ------^

",NA,NA
712435,"Error in parse_con(txt, bigint_as_char) : parse error: premature EOF
                                       
                     (right here) ------^

",NA,NA
712453,NA,135672,Coregonus maraena
712643,"Error in parse_con(txt, bigint_as_char) : parse error: premature EOF
                                       
                     (right here) ------^

",NA,NA
712653,"Error in parse_con(txt, bigint_as_char) : parse error: premature EOF
                                       
                     (right here) ------^

",NA,NA
712671,"Error in parse_con(txt, bigint_as_char) : parse error: premature EOF
                                       
                     (right here) ------^

",NA,NA
712677,"Error in parse_con(txt, bigint_as_char) : parse error: premature EOF
                                       
                     (right here) ------^

",NA,NA
712687,"Error in parse_con(txt, bigint_as_char) : parse error: premature EOF
                                       
                     (right here) ------^

",NA,NA
712693,"Error in parse_con(txt, bigint_as_char) : parse error: premature EOF
                                       
                     (right here) ------^

",NA,NA
712745,"Error in parse_con(txt, bigint_as_char) : parse error: premature EOF
                                       
                     (right here) ------^

",NA,NA
712798,"Error in parse_con(txt, bigint_as_char) : parse error: premature EOF
                                       
                     (right here) ------^

",NA,NA
712846,"Error in parse_con(txt, bigint_as_char) : parse error: premature EOF
                                       
                     (right here) ------^

",NA,NA
712877,"Error in parse_con(txt, bigint_as_char) : parse error: premature EOF
                                       
                     (right here) ------^

",NA,NA
712902,"Error in parse_con(txt, bigint_as_char) : parse error: premature EOF
                                       
                     (right here) ------^

",NA,NA
713029,"Error in parse_con(txt, bigint_as_char) : parse error: premature EOF
                                       
                     (right here) ------^

",NA,NA
713109,"Error in parse_con(txt, bigint_as_char) : parse error: premature EOF
                                       
                     (right here) ------^

",NA,NA
713842,"Error in parse_con(txt, bigint_as_char) : parse error: premature EOF
                                       
                     (right here) ------^

",NA,NA
889885,"Error in parse_con(txt, bigint_as_char) : parse error: premature EOF
                                       
                     (right here) ------^

",NA,NA
1008571,"Error in parse_con(txt, bigint_as_char) : parse error: premature EOF
                                       
                     (right here) ------^

",NA,NA
1008780,"Error in parse_con(txt, bigint_as_char) : parse error: premature EOF
                                       
                     (right here) ------^

",NA,NA
1009528,"Error in parse_con(txt, bigint_as_char) : parse error: premature EOF
                                       
                     (right here) ------^

",NA,NA
1009705,"Error in parse_con(txt, bigint_as_char) : parse error: premature EOF
                                       
                     (right here) ------^

",NA,NA
1011315,"Error in parse_con(txt, bigint_as_char) : parse error: premature EOF
                                       
                     (right here) ------^

",NA,NA
1011342,"Error in parse_con(txt, bigint_as_char) : parse error: premature EOF
                                       
                     (right here) ------^

",NA,NA
1015120,"Error in parse_con(txt, bigint_as_char) : parse error: premature EOF
                                       
                     (right here) ------^

",NA,NA
1017252,"Error in parse_con(txt, bigint_as_char) : parse error: premature EOF
                                       
                     (right here) ------^

",NA,NA
1017257,"Error in parse_con(txt, bigint_as_char) : parse error: premature EOF
                                       
                     (right here) ------^

",NA,NA
1017278,"Error in parse_con(txt, bigint_as_char) : parse error: premature EOF
                                       
                     (right here) ------^

",NA,NA
1019169,"Error in parse_con(txt, bigint_as_char) : parse error: premature EOF
                                       
                     (right here) ------^

",NA,NA
1019532,"Error in parse_con(txt, bigint_as_char) : parse error: premature EOF
                                       
                     (right here) ------^

",NA,NA
1019728,"Error in parse_con(txt, bigint_as_char) : parse error: premature EOF
                                       
                     (right here) ------^

",NA,NA
1021098,"Error in parse_con(txt, bigint_as_char) : parse error: premature EOF
                                       
                     (right here) ------^

",NA,NA
1022235,"Error in parse_con(txt, bigint_as_char) : parse error: premature EOF
                                       
                     (right here) ------^

",NA,NA
1022907,"Error in parse_con(txt, bigint_as_char) : parse error: premature EOF
                                       
                     (right here) ------^

",NA,NA
1023017,"Error in parse_con(txt, bigint_as_char) : parse error: premature EOF
                                       
                     (right here) ------^

",NA,NA
1042834,"Error in parse_con(txt, bigint_as_char) : parse error: premature EOF
                                       
                     (right here) ------^

",NA,NA
1042881,"Error in parse_con(txt, bigint_as_char) : parse error: premature EOF
                                       
                     (right here) ------^

",NA,NA
1043428,"Error in parse_con(txt, bigint_as_char) : parse error: premature EOF
                                       
                     (right here) ------^

",NA,NA
1043436,"Error in parse_con(txt, bigint_as_char) : parse error: premature EOF
                                       
                     (right here) ------^

",NA,NA
1043448,"Error in parse_con(txt, bigint_as_char) : parse error: premature EOF
                                       
                     (right here) ------^

",NA,NA
1043449,"Error in parse_con(txt, bigint_as_char) : parse error: premature EOF
                                       
                     (right here) ------^

",NA,NA
1043458,"Error in parse_con(txt, bigint_as_char) : parse error: premature EOF
                                       
                     (right here) ------^

",NA,NA
1043472,"Error in parse_con(txt, bigint_as_char) : parse error: premature EOF
                                       
                     (right here) ------^

",NA,NA
1043474,"Error in parse_con(txt, bigint_as_char) : parse error: premature EOF
                                       
                     (right here) ------^

",NA,NA
1043477,NA,186086,Crenimugil seheli
1043483,"Error in parse_con(txt, bigint_as_char) : parse error: premature EOF
                                       
                     (right here) ------^

",NA,NA
1043488,"Error in parse_con(txt, bigint_as_char) : parse error: premature EOF
                                       
                     (right here) ------^

",NA,NA
1043601,"Error in parse_con(txt, bigint_as_char) : parse error: premature EOF
                                       
                     (right here) ------^

",NA,NA
1053693,"Error in parse_con(txt, bigint_as_char) : parse error: premature EOF
                                       
                     (right here) ------^

",NA,NA
1376245,"Error in parse_con(txt, bigint_as_char) : parse error: premature EOF
                                       
                     (right here) ------^

",NA,NA
1389965,"Error in parse_con(txt, bigint_as_char) : parse error: premature EOF
                                       
                     (right here) ------^

",NA,NA
1419150,"Error in parse_con(txt, bigint_as_char) : parse error: premature EOF
                                       
                     (right here) ------^

",NA,NA
1448888,NA,144161826,Dipturus brevicaudatus
1461133,NA,161595,Beringraja rhina
1461134,NA,161466,Beringraja inornata
1471766,"Error in parse_con(txt, bigint_as_char) : parse error: premature EOF
                                       
                     (right here) ------^

",NA,NA
1486838,"Error in parse_con(txt, bigint_as_char) : parse error: premature EOF
                                       
                     (right here) ------^

",NA,NA
1486846,"Error in parse_con(txt, bigint_as_char) : parse error: premature EOF
                                       
                     (right here) ------^

",NA,NA
1486847,"Error in parse_con(txt, bigint_as_char) : parse error: premature EOF
                                       
                     (right here) ------^

",NA,NA
1486853,"Error in parse_con(txt, bigint_as_char) : parse error: premature EOF
                                       
                     (right here) ------^

",NA,NA
1486864,"Error in parse_con(txt, bigint_as_char) : parse error: premature EOF
                                       
                     (right here) ------^

",NA,NA
1492614,"Error in parse_con(txt, bigint_as_char) : parse error: premature EOF
                                       
                     (right here) ------^

",NA,NA
1493381,NA,225351909,Coregonus acrinasus
1493382,NA,225351932,Coregonus brienzii
1493383,NA,159718733,Coregonus fluviatilis
1493384,NA,225352003,Coregonus profundus
1493385,NA,225352054,Coregonus steinmanni
1494217,NA,162229167,Thymallus ligericus
1495495,"Error in parse_con(txt, bigint_as_char) : parse error: premature EOF
                                       
                     (right here) ------^

",NA,NA
1495518,"Error in parse_con(txt, bigint_as_char) : parse error: premature EOF
                                       
                     (right here) ------^

",NA,NA
1507449,"Error in parse_con(txt, bigint_as_char) : parse error: premature EOF
                                       
                     (right here) ------^

",NA,NA
1509596,"Error in parse_con(txt, bigint_as_char) : parse error: premature EOF
                                       
                     (right here) ------^

",NA,NA
1524091,"Error in parse_con(txt, bigint_as_char) : parse error: premature EOF
                                       
                     (right here) ------^

",NA,NA
1524320,"Error in parse_con(txt, bigint_as_char) : parse error: premature EOF
                                       
                     (right here) ------^

",NA,NA
1524491,"Error in parse_con(txt, bigint_as_char) : parse error: premature EOF
                                       
                     (right here) ------^

",NA,NA
1524746,"Error in parse_con(txt, bigint_as_char) : parse error: premature EOF
                                       
                     (right here) ------^

",NA,NA
1524875,"Error in parse_con(txt, bigint_as_char) : parse error: premature EOF
                                       
                     (right here) ------^

",NA,NA
1525053,"Error in parse_con(txt, bigint_as_char) : parse error: premature EOF
                                       
                     (right here) ------^

",NA,NA
1525487,"Error in parse_con(txt, bigint_as_char) : parse error: premature EOF
                                       
                     (right here) ------^

",NA,NA
1525495,"Error in parse_con(txt, bigint_as_char) : parse error: premature EOF
                                       
                     (right here) ------^

",NA,NA
1525496,"Error in parse_con(txt, bigint_as_char) : parse error: premature EOF
                                       
                     (right here) ------^

",NA,NA
1525960,"Error in parse_con(txt, bigint_as_char) : parse error: premature EOF
                                       
                     (right here) ------^

",NA,NA
1526188,"Error in parse_con(txt, bigint_as_char) : parse error: premature EOF
                                       
                     (right here) ------^

",NA,NA
1526239,"Error in parse_con(txt, bigint_as_char) : parse error: premature EOF
                                       
                     (right here) ------^

",NA,NA
1551089,"Error in parse_con(txt, bigint_as_char) : parse error: premature EOF
                                       
                     (right here) ------^

",NA,NA
1551095,"Error in parse_con(txt, bigint_as_char) : parse error: premature EOF
                                       
                     (right here) ------^

",NA,NA
1565681,"Error in parse_con(txt, bigint_as_char) : parse error: premature EOF
                                       
                     (right here) ------^

",NA,NA
1571853,"Error in parse_con(txt, bigint_as_char) : parse error: premature EOF
                                       
                     (right here) ------^

",NA,NA
1571884,"Error in parse_con(txt, bigint_as_char) : parse error: premature EOF
                                       
                     (right here) ------^

",NA,NA
1571909,"Error in parse_con(txt, bigint_as_char) : parse error: premature EOF
                                       
                     (right here) ------^

",NA,NA
1575775,"Error in parse_con(txt, bigint_as_char) : parse error: premature EOF
                                       
                     (right here) ------^

",NA,NA
1577311,"Error in parse_con(txt, bigint_as_char) : parse error: premature EOF
                                       
                     (right here) ------^

",NA,NA
1577312,"Error in parse_con(txt, bigint_as_char) : parse error: premature EOF
                                       
                     (right here) ------^

",NA,NA
1577313,"Error in parse_con(txt, bigint_as_char) : parse error: premature EOF
                                       
                     (right here) ------^

",NA,NA
1577314,"Error in parse_con(txt, bigint_as_char) : parse error: premature EOF
                                       
                     (right here) ------^

",NA,NA
1577315,"Error in parse_con(txt, bigint_as_char) : parse error: premature EOF
                                       
                     (right here) ------^

",NA,NA
1577316,"Error in parse_con(txt, bigint_as_char) : parse error: premature EOF
                                       
                     (right here) ------^

",NA,NA
1577324,"Error in parse_con(txt, bigint_as_char) : parse error: premature EOF
                                       
                     (right here) ------^

",NA,NA
1577329,"Error in parse_con(txt, bigint_as_char) : parse error: premature EOF
                                       
                     (right here) ------^

",NA,NA
1577330,"Error in parse_con(txt, bigint_as_char) : parse error: premature EOF
                                       
                     (right here) ------^

",NA,NA
1577338,"Error in parse_con(txt, bigint_as_char) : parse error: premature EOF
                                       
                     (right here) ------^

",NA,NA
1577339,"Error in parse_con(txt, bigint_as_char) : parse error: premature EOF
                                       
                     (right here) ------^

",NA,NA
1577341,"Error in parse_con(txt, bigint_as_char) : parse error: premature EOF
                                       
                     (right here) ------^

",NA,NA
1577342,"Error in parse_con(txt, bigint_as_char) : parse error: premature EOF
                                       
                     (right here) ------^

",NA,NA
1577343,"Error in parse_con(txt, bigint_as_char) : parse error: premature EOF
                                       
                     (right here) ------^

",NA,NA
1577346,"Error in parse_con(txt, bigint_as_char) : parse error: premature EOF
                                       
                     (right here) ------^

",NA,NA
1577347,"Error in parse_con(txt, bigint_as_char) : parse error: premature EOF
                                       
                     (right here) ------^

",NA,NA
1577349,"Error in parse_con(txt, bigint_as_char) : parse error: premature EOF
                                       
                     (right here) ------^

",NA,NA
1577351,"Error in parse_con(txt, bigint_as_char) : parse error: premature EOF
                                       
                     (right here) ------^

",NA,NA
1577352,"Error in parse_con(txt, bigint_as_char) : parse error: premature EOF
                                       
                     (right here) ------^

",NA,NA
1577353,NA,168626985,Rhonciscus bayanus
1577356,"Error in parse_con(txt, bigint_as_char) : parse error: premature EOF
                                       
                     (right here) ------^

",NA,NA
1577357,"Error in parse_con(txt, bigint_as_char) : parse error: premature EOF
                                       
                     (right here) ------^

",NA,NA
1577358,"Error in parse_con(txt, bigint_as_char) : parse error: premature EOF
                                       
                     (right here) ------^

",NA,NA
1577359,"Error in parse_con(txt, bigint_as_char) : parse error: premature EOF
                                       
                     (right here) ------^

",NA,NA
1577360,"Error in parse_con(txt, bigint_as_char) : parse error: premature EOF
                                       
                     (right here) ------^

",NA,NA
1577361,"Error in parse_con(txt, bigint_as_char) : parse error: premature EOF
                                       
                     (right here) ------^

",NA,NA
1577363,"Error in parse_con(txt, bigint_as_char) : parse error: premature EOF
                                       
                     (right here) ------^

",NA,NA
1577364,"Error in parse_con(txt, bigint_as_char) : parse error: premature EOF
                                       
                     (right here) ------^

",NA,NA
1580692,"Error in parse_con(txt, bigint_as_char) : parse error: premature EOF
                                       
                     (right here) ------^

",NA,NA
1592271,"Error in parse_con(txt, bigint_as_char) : parse error: premature EOF
                                       
                     (right here) ------^

",NA,NA
1592279,"Error in parse_con(txt, bigint_as_char) : parse error: premature EOF
                                       
                     (right here) ------^

",NA,NA
1592348,"Error in parse_con(txt, bigint_as_char) : parse error: premature EOF
                                       
                     (right here) ------^

",NA,NA
1592634,"Error in parse_con(txt, bigint_as_char) : parse error: premature EOF
                                       
                     (right here) ------^

",NA,NA
1592637,"Error in parse_con(txt, bigint_as_char) : parse error: premature EOF
                                       
                     (right here) ------^

",NA,NA
1592709,"Error in parse_con(txt, bigint_as_char) : parse error: premature EOF
                                       
                     (right here) ------^

",NA,NA
1592726,"Error in parse_con(txt, bigint_as_char) : parse error: premature EOF
                                       
                     (right here) ------^

",NA,NA
1592727,"Error in parse_con(txt, bigint_as_char) : parse error: premature EOF
                                       
                     (right here) ------^

",NA,NA
1592822,"Error in parse_con(txt, bigint_as_char) : parse error: premature EOF
                                       
                     (right here) ------^

",NA,NA
1592849,"Error in parse_con(txt, bigint_as_char) : parse error: premature EOF
                                       
                     (right here) ------^

",NA,NA
1593660,"Error in parse_con(txt, bigint_as_char) : parse error: premature EOF
                                       
                     (right here) ------^

",NA,NA
1593661,"Error in parse_con(txt, bigint_as_char) : parse error: premature EOF
                                       
                     (right here) ------^

",NA,NA
1593662,"Error in parse_con(txt, bigint_as_char) : parse error: premature EOF
                                       
                     (right here) ------^

",NA,NA
1595331,"Error in parse_con(txt, bigint_as_char) : parse error: premature EOF
                                       
                     (right here) ------^

",NA,NA
1605252,"Error in parse_con(txt, bigint_as_char) : parse error: premature EOF
                                       
                     (right here) ------^

",NA,NA
1605265,"Error in parse_con(txt, bigint_as_char) : parse error: premature EOF
                                       
                     (right here) ------^

",NA,NA
1605266,"Error in parse_con(txt, bigint_as_char) : parse error: premature EOF
                                       
                     (right here) ------^

",NA,NA
1605267,"Error in parse_con(txt, bigint_as_char) : parse error: premature EOF
                                       
                     (right here) ------^

",NA,NA
1605271,"Error in parse_con(txt, bigint_as_char) : parse error: premature EOF
                                       
                     (right here) ------^

",NA,NA
1605272,"Error in parse_con(txt, bigint_as_char) : parse error: premature EOF
                                       
                     (right here) ------^

",NA,NA
1605274,"Error in parse_con(txt, bigint_as_char) : parse error: premature EOF
                                       
                     (right here) ------^

",NA,NA
1605276,"Error in parse_con(txt, bigint_as_char) : parse error: premature EOF
                                       
                     (right here) ------^

",NA,NA
1605280,"Error in parse_con(txt, bigint_as_char) : parse error: premature EOF
                                       
                     (right here) ------^

",NA,NA
1605303,"Error in parse_con(txt, bigint_as_char) : parse error: premature EOF
                                       
                     (right here) ------^

",NA,NA
1605305,"Error in parse_con(txt, bigint_as_char) : parse error: premature EOF
                                       
                     (right here) ------^

",NA,NA
1605306,"Error in parse_con(txt, bigint_as_char) : parse error: premature EOF
                                       
                     (right here) ------^

",NA,NA
1605313,"Error in parse_con(txt, bigint_as_char) : parse error: premature EOF
                                       
                     (right here) ------^

",NA,NA
1609822,"Error in parse_con(txt, bigint_as_char) : parse error: premature EOF
                                       
                     (right here) ------^

",NA,NA
1611043,"Error in parse_con(txt, bigint_as_char) : parse error: premature EOF
                                       
                     (right here) ------^

",NA,NA
1611044,"Error in parse_con(txt, bigint_as_char) : parse error: premature EOF
                                       
                     (right here) ------^

",NA,NA
1611577,NA,184071,Naja haje
1617333,"Error in parse_con(txt, bigint_as_char) : parse error: premature EOF
                                       
                     (right here) ------^

",NA,NA
1623786,"Error in parse_con(txt, bigint_as_char) : parse error: premature EOF
                                       
                     (right here) ------^

",NA,NA
1653867,"Error in parse_con(txt, bigint_as_char) : parse error: premature EOF
                                       
                     (right here) ------^

",NA,NA
1667998,"Error in parse_con(txt, bigint_as_char) : parse error: premature EOF
                                       
                     (right here) ------^

",NA,NA
1668000,"Error in parse_con(txt, bigint_as_char) : parse error: premature EOF
                                       
                     (right here) ------^

",NA,NA
1701441,"Error in parse_con(txt, bigint_as_char) : parse error: premature EOF
                                       
                     (right here) ------^

",NA,NA
1727490,"Error in parse_con(txt, bigint_as_char) : parse error: premature EOF
                                       
                     (right here) ------^

",NA,NA
1727493,"Error in parse_con(txt, bigint_as_char) : parse error: premature EOF
                                       
                     (right here) ------^

",NA,NA
1727494,"Error in parse_con(txt, bigint_as_char) : parse error: premature EOF
                                       
                     (right here) ------^

",NA,NA
1727495,"Error in parse_con(txt, bigint_as_char) : parse error: premature EOF
                                       
                     (right here) ------^

",NA,NA
1751396,"Error in parse_con(txt, bigint_as_char) : parse error: premature EOF
                                       
                     (right here) ------^

",NA,NA
1751406,"Error in parse_con(txt, bigint_as_char) : parse error: premature EOF
                                       
                     (right here) ------^

",NA,NA
1758486,"Error in parse_con(txt, bigint_as_char) : parse error: premature EOF
                                       
                     (right here) ------^

",NA,NA
1758487,"Error in parse_con(txt, bigint_as_char) : parse error: premature EOF
                                       
                     (right here) ------^

",NA,NA
1770896,"Error in parse_con(txt, bigint_as_char) : parse error: premature EOF
                                       
                     (right here) ------^

",NA,NA
1779369,"Error in parse_con(txt, bigint_as_char) : parse error: premature EOF
                                       
                     (right here) ------^

",NA,NA
1780401,"Error in parse_con(txt, bigint_as_char) : parse error: premature EOF
                                       
                     (right here) ------^

",NA,NA
1780403,"Error in parse_con(txt, bigint_as_char) : parse error: premature EOF
                                       
                     (right here) ------^

",NA,NA
