query,syn_id,syn_name,valid_aphia_id,valid_sciname,error
126307,1621410,Facciolella oxyrhyncha,126307,Facciolella oxyrhynchus,NA
126307,299704,Facciolella physonema,126307,Facciolella oxyrhynchus,NA
126307,299705,Facciolella physonima,126307,Facciolella oxyrhynchus,NA
126307,1577881,Faccionella oxyrhyncha,126307,Facciolella oxyrhynchus,NA
126307,314809,Leptocephalus oxyrhynchus,126307,Facciolella oxyrhynchus,NA
126307,319643,Nettastomella physonima,126307,Facciolella oxyrhynchus,NA
126457,300813,Enchelyopus mediterraneus,126457,Gaidropsarus mediterraneus,NA
126457,300725,Gadus argenteolus,126457,Gaidropsarus mediterraneus,NA
126457,300747,Gadus fuscus,126457,Gaidropsarus mediterraneus,NA
126457,300751,Gadus jubatus,126457,Gaidropsarus mediterraneus,NA
126457,300760,Gadus mediterraneus,126457,Gaidropsarus mediterraneus,NA
126457,300789,Gadus tricirratus,126457,Gaidropsarus mediterraneus,NA
126457,126455,Gaidropsarus guttatus,126457,Gaidropsarus mediterraneus,NA
126457,300820,Gaidropsarus mustellaris,126457,Gaidropsarus mediterraneus,NA
126457,400601,Gaidropsaurus mediterraneus,126457,Gaidropsarus mediterraneus,NA
126457,319431,Motella communis,126457,Gaidropsarus mediterraneus,NA
126457,319433,Motella fusca,126457,Gaidropsarus mediterraneus,NA
126457,319435,Motella mediterranea,126457,Gaidropsarus mediterraneus,NA
126457,400602,Mustela fusca,126457,Gaidropsarus mediterraneus,NA
126457,307951,Onos fusca,126457,Gaidropsarus mediterraneus,NA
126457,307953,Onos mediterraneus,126457,Gaidropsarus mediterraneus,NA
126457,307956,Onos sellai,126457,Gaidropsarus mediterraneus,NA
126457,1620061,Onos tricirrata,126457,Gaidropsarus mediterraneus,NA
126457,1623779,Onos tricirratus,126457,Gaidropsarus mediterraneus,NA
126457,319747,Onus guttatus,126457,Gaidropsarus mediterraneus,NA
126611,319016,Macrostoma atrum,126611,Lampanyctus ater,NA
126611,158909,Nannobrachium atrum,126611,Lampanyctus ater,NA
126611,320044,Paralampanyctus ater,126611,Lampanyctus ater,NA
126613,158911,Nannobrachium cuprarium,126613,Lampanyctus cuprarius,NA
126613,320045,Paralampanyctus cuprarius,126613,Lampanyctus cuprarius,NA
126616,158912,Nannobrachium lineatum,126616,Lampanyctus lineatus,NA
126616,320046,Paralampanyctus lineatus,126616,Lampanyctus lineatus,NA
126942,303049,Gobius filamentosus,126942,Zosterisessor ophiocephalus,NA
126942,303072,Gobius gous,126942,Zosterisessor ophiocephalus,NA
126942,303151,Gobius lota,126942,Zosterisessor ophiocephalus,NA
126942,303234,Gobius ophiocephalus,126942,Zosterisessor ophiocephalus,NA
126942,324019,Gobius ophiocephalus citrina,126942,Zosterisessor ophiocephalus,NA
126942,303302,Gobius reticulatus,126942,Zosterisessor ophiocephalus,NA
126942,303378,Gobius venetiarum,126942,Zosterisessor ophiocephalus,NA
126942,716770,Gobius viridis,126942,Zosterisessor ophiocephalus,NA
126942,402941,Zosterisessor opiocephalus,126942,Zosterisessor ophiocephalus,NA
127034,316968,Cerna catalonica,127034,Epinephelus costae,NA
127034,316969,Cerna chrysotaenia,127034,Epinephelus costae,NA
127034,304702,Epinephelus chrysotaenia,127034,Epinephelus costae,NA
127034,304790,Epinephelus zaslavskii,127034,Epinephelus costae,NA
127034,883342,Mycteroperca costae,127034,Epinephelus costae,NA
127034,320454,Plectropoma fasciatus,127034,Epinephelus costae,NA
127034,304853,Serranus chrysotaenia,127034,Epinephelus costae,NA
127034,304861,Serranus costae,127034,Epinephelus costae,NA
127036,316970,Cerna gigas,127036,Epinephelus marginatus,NA
127036,713276,Cernua gigas,127036,Epinephelus marginatus,NA
127036,304699,Epinephelus brachysoma,127036,Epinephelus marginatus,NA
127036,304721,Epinephelus gigas,127036,Epinephelus marginatus,NA
127036,1035085,Epinephelus guaza,127036,Epinephelus marginatus,NA
127036,309140,Holocentrus gigas,127036,Epinephelus marginatus,NA
127036,883341,Mycteroperca marginata,127036,Epinephelus marginatus,NA
127036,716780,Perca gigas,127036,Epinephelus marginatus,NA
127036,401341,Serranus aspersus,127036,Epinephelus marginatus,NA
127036,304848,Serranus cernioides,127036,Epinephelus marginatus,NA
127036,304889,Serranus fimbriatus,127036,Epinephelus marginatus,NA
127036,304903,Serranus gigas,127036,Epinephelus marginatus,NA
127036,304952,Serranus marginatus,127036,Epinephelus marginatus,NA
127096,318276,Gymnelichthys antarcticus,127096,Gymnelus viridis,NA
127096,313499,Gymnelis bilabrus,127096,Gymnelus viridis,NA
127096,402533,Gymnelis stigma,127096,Gymnelus viridis,NA
127096,298255,Gymnelis viridis,127096,Gymnelus viridis,NA
127096,314518,Gymnelopsis stigma,127096,Gymnelus viridis,NA
127096,254586,Gymnelus barsukovi,127096,Gymnelus viridis,NA
127096,254587,Gymnelus bilabrus,127096,Gymnelus viridis,NA
127096,305479,Gymnelus pictus,127096,Gymnelus viridis,NA
127096,319776,Ophidium stigma,127096,Gymnelus viridis,NA
127096,319777,Ophidium unernak,127096,Gymnelus viridis,NA
127096,319779,Ophidium viride,127096,Gymnelus viridis,NA
135180,1451203,Balanophyllia europaea,135180,Balanophyllia (Balanophyllia) europaea,NA
135180,510195,Caryophyllia europaea,135180,Balanophyllia (Balanophyllia) europaea,NA
135180,510196,Desmophyllum stellaria,135180,Balanophyllia (Balanophyllia) europaea,NA
151498,NA,NA,NA,NA,"Error in parse_con(txt, bigint_as_char) : parse error: premature EOF
                                       
                     (right here) ------^

"
158074,305913,Coregonus canadensis,158074,Coregonus huntsmani,NA
158833,308639,Paralichthys oblongus,158833,Hippoglossina oblonga,NA
158833,305752,Pleuronectes oblongus,158833,Hippoglossina oblonga,NA
159252,1621411,Astroscopus y-graecum,159252,Astroscopus ygraecum,NA
159252,1620218,Uranoscopus y graecum,159252,Astroscopus ygraecum,NA
159252,1578197,Uranoscopus ygraecum,159252,Astroscopus ygraecum,NA
159252,305472,Uranoscopus y-graecum,159252,Astroscopus ygraecum,NA
159845,304080,Howella simplex,159845,Bathysphyraenops simplex,NA
212265,310813,Harengula spilura,212265,Herklotsichthys spilura,NA
212265,400033,Harengula spilurus,212265,Herklotsichthys spilura,NA
212265,1621413,Herklotsichthys spilurus,212265,Herklotsichthys spilura,NA
212284,323211,Stolephorus insularis oceanicus,212284,Stolephorus insularis,NA
215515,1054861,Conus (Cylinder) archiepiscopus,215515,Conus archiepiscopus,NA
215515,1550280,Conus (Cylinder) peterstimpsoni,215515,Conus archiepiscopus,NA
215515,843264,Conus (Cylinder) priscai,215515,Conus archiepiscopus,NA
215515,843275,Conus (Darioconus) biancae,215515,Conus archiepiscopus,NA
215515,1668851,Conus archiepiscopus multilineatus,215515,Conus archiepiscopus,NA
215515,553037,Conus biancae,215515,Conus archiepiscopus,NA
215515,429068,Conus communis,215515,Conus archiepiscopus,NA
215515,215523,Conus euetrios,215515,Conus archiepiscopus,NA
215515,429118,Conus eumitus,215515,Conus archiepiscopus,NA
215515,429937,Conus panniculus,215515,Conus archiepiscopus,NA
215515,1331670,Conus pavillardae,215515,Conus archiepiscopus,NA
215515,723022,Conus priscai,215515,Conus archiepiscopus,NA
215515,429119,Conus pyramidalis,215515,Conus archiepiscopus,NA
215515,429120,Conus sirventi,215515,Conus archiepiscopus,NA
215515,429121,Conus suzannae,215515,Conus archiepiscopus,NA
215515,428488,Conus textile archiepiscopus,215515,Conus archiepiscopus,NA
215515,428885,Conus textile var. euetrios,215515,Conus archiepiscopus,NA
215515,429205,Conus textile var. ponderosa,215515,Conus archiepiscopus,NA
215515,1333946,Cylinder archiepiscopus,215515,Conus archiepiscopus,NA
215515,1508360,Cylinder archiepiscopus sirventi,215515,Conus archiepiscopus,NA
215515,714496,Cylinder biancae,215515,Conus archiepiscopus,NA
215515,1508231,Cylinder eumitis,215515,Conus archiepiscopus,NA
215515,1550279,Cylinder peterstimpsoni,215515,Conus archiepiscopus,NA
215515,714493,Cylinder priscai,215515,Conus archiepiscopus,NA
215515,1508233,Cylinder suzannae,215515,Conus archiepiscopus,NA
215515,1440338,Cylindrus textile f. archiepiscopus,215515,Conus archiepiscopus,NA
215515,1440340,Cylindrus textile f. euetrios,215515,Conus archiepiscopus,NA
215515,751858,Darioconus biancae,215515,Conus archiepiscopus,NA
215600,305570,Arnoglossus macrolepis,215600,Citharoides macrolepis,NA
215600,219789,Paracitharus macrolepis,215600,Citharoides macrolepis,NA
217434,316932,Cephaloptera eregoodootenkee,217434,Mobula eregoodootenkee,NA
217434,712978,Dicerobatis eregoodoo,217434,Mobula eregoodootenkee,NA
217434,298800,Mobula eregoodoo,217434,Mobula eregoodootenkee,NA
217570,299724,Dalophis orientalis,217570,Lamnostoma orientale,NA
217570,399935,Lamnastoma orientalis,217570,Lamnostoma orientale,NA
217570,399936,Lamnosoma orientalis,217570,Lamnostoma orientale,NA
217570,1621414,Lamnostoma orientalis,217570,Lamnostoma orientale,NA
217570,310654,Lamnostoma pictum,217570,Lamnostoma orientale,NA
217570,399937,Lamnostomus orientalis,217570,Lamnostoma orientale,NA
217570,313147,Ophichthys orientalis,217570,Lamnostoma orientale,NA
217570,315677,Sphagebranchus orientalis,217570,Lamnostoma orientale,NA
218105,NA,NA,NA,NA,"Error in parse_con(txt, bigint_as_char) : parse error: premature EOF
                                       
                     (right here) ------^

"
218168,401265,Aethaloperca rogan,218168,Aethaloperca rogaa,NA
218168,401264,Aethaloperca rogga,218168,Aethaloperca rogaa,NA
218168,401266,Aethaloperca rogoa,218168,Aethaloperca rogaa,NA
218168,401261,Aetheloperca rogaa,218168,Aethaloperca rogaa,NA
218168,401263,Aetholoperca rogaa,218168,Aethaloperca rogaa,NA
218168,401262,Athaloperca rogae,218168,Aethaloperca rogaa,NA
218168,218178,Cephalopholis rogaa,218168,Aethaloperca rogaa,NA
218168,307329,Perca lunaria,218168,Aethaloperca rogaa,NA
218168,307356,Perca rogaa,218168,Aethaloperca rogaa,NA
218193,NA,NA,NA,NA,"Error in parse_con(txt, bigint_as_char) : parse error: premature EOF
                                       
                     (right here) ------^

"
219539,303390,Gobius xanthosoma,219539,Paragobiodon xanthosoma,NA
219539,277618,Paragobiodon xanthosomus,219539,Paragobiodon xanthosoma,NA
219764,1621600,Lissonanchus lusheri,219764,Lissonanchus lusherae,NA
219846,313580,Achirus bilineatus,219846,Cynoglossus bilineatus,NA
219846,219839,Arelia bilineata,219846,Cynoglossus bilineatus,NA
219846,403357,Cynoglossus bilinetaus,219846,Cynoglossus bilineatus,NA
219914,NA,NA,NA,NA,"Error in parse_con(txt, bigint_as_char) : parse error: premature EOF
                                       
                     (right here) ------^

"
220077,309309,Monacanthus auratus,220077,Stephanolepis aurata,NA
220077,1621416,Stephanolepis auratus,220077,Stephanolepis aurata,NA
220077,307132,Stephanolepis rectifrons,220077,Stephanolepis aurata,NA
220327,1621417,Lestidiops indopacifica,220327,Lestidiops indopacificus,NA
220327,220328,Lestidium indopacificum,220327,Lestidiops indopacificus,NA
221512,306624,Cyclothone elongata,221512,Sigmops elongatus,NA
221512,306628,Cyclothone rhodadenia,221512,Sigmops elongatus,NA
221512,127296,Gonostoma elongatum,221512,Sigmops elongatus,NA
221512,1577898,Gonostoma elongatus,221512,Sigmops elongatus,NA
221512,306643,Gonostoma polyphos,221512,Sigmops elongatus,NA
221512,306644,Gonostoma rhodadenia,221512,Sigmops elongatus,NA
221512,319620,Neostoma elongatum,221512,Sigmops elongatus,NA
221512,313332,Sigmops elongatum,221512,Sigmops elongatus,NA
221512,313335,Sigmops stigmaticus,221512,Sigmops elongatus,NA
238343,1577400,Acanthostracion guineensis,238343,Acanthostracion guineense,NA
238343,308686,Lactophrys guineensis,238343,Acanthostracion guineense,NA
238343,312876,Ostracion guineense,238343,Acanthostracion guineense,NA
238343,1577399,Ostracion guineensis,238343,Acanthostracion guineense,NA
238343,1621959,Ostracion guineënsis,238343,Acanthostracion guineense,NA
254568,323781,Coregonus fera inarensis,254568,Coregonus pidschian,NA
254568,322870,Coregonus lavaretus pidschian,254568,Coregonus pidschian,NA
254568,322871,Coregonus lavaretus pidschianoides,254568,Coregonus pidschian,NA
254568,305921,Coregonus polcur,254568,Coregonus pidschian,NA
254568,305927,Coregonus sikus,254568,Coregonus pidschian,NA
254568,305928,Coregonus smitti,254568,Coregonus pidschian,NA
254568,306055,Salmo pidschian,254568,Coregonus pidschian,NA
254568,306057,Salmo polcur,254568,Coregonus pidschian,NA
254568,306078,Salmo sikus,254568,Coregonus pidschian,NA
271324,298438,Carcharhinus perezi,271324,Carcharhinus perezii,NA
271324,298444,Carcharhinus springeri,271324,Carcharhinus perezii,NA
271324,317967,Eulamia springeri,271324,Carcharhinus perezii,NA
271324,320412,Platypodon perezii,271324,Carcharhinus perezii,NA
271485,1533285,Holorhinus californicus,271485,Myliobatis californica,NA
271485,298810,Myliobatis californicus,271485,Myliobatis californica,NA
271485,298823,Rhinoptera encenadae,271485,Myliobatis californica,NA
271485,298826,Rhinoptera vespertilio,271485,Myliobatis californica,NA
271542,320910,Raia chilensis,271542,Dipturus chilensis,NA
271542,298884,Raja chilensis,271542,Dipturus chilensis,NA
271542,298950,Raja latastei,271542,Dipturus chilensis,NA
271542,298989,Raja oxyptera,271542,Dipturus chilensis,NA
271542,299032,Raja stabuliforis,271542,Dipturus chilensis,NA
271542,315953,Zearaja chilensis,271542,Dipturus chilensis,NA
271552,298838,Dipturus leptocaudus,271552,Dipturus leptocauda,NA
271552,298955,Raja leptocauda,271552,Dipturus leptocauda,NA
271555,298979,Raja nasuta,271555,Dipturus nasutus,NA
271555,398319,Zearaja nasuta,271555,Dipturus nasutus,NA
271555,712965,Zearaja nasutus,271555,Dipturus nasutus,NA
271562,298841,Dipturus trachydermus,271562,Dipturus trachyderma,NA
271562,399720,Raja trachiderma,271562,Dipturus trachyderma,NA
271562,299046,Raja trachyderma,271562,Dipturus trachyderma,NA
271871,311690,Lycodontis polyuranodon,271871,Gymnothorax polyuranodon,NA
271871,1592847,Muraena blematigrina,271871,Gymnothorax polyuranodon,NA
271871,299654,Muraena polyuranodon,271871,Gymnothorax polyuranodon,NA
271871,1620863,Polyuranodon kuhli,271871,Gymnothorax polyuranodon,NA
271871,1419502,Polyuranodon kuhlii,271871,Gymnothorax polyuranodon,NA
271871,1016618,Uropterygius fijiensis,271871,Gymnothorax polyuranodon,NA
271995,1022450,Anguilla puncticulata,271995,Pisodonophis hijala,NA
271995,1623721,Ophichthus hijala,271995,Pisodonophis hijala,NA
271995,299780,Ophisurus hijala,271995,Pisodonophis hijala,NA
272091,1621420,Lestidiops extrema,272091,Lestidiops extremus,NA
272091,308663,Lestidium extremum,272091,Lestidiops extremus,NA
272724,317661,Dasyscopelus orientalis,272724,Myctophum orientale,NA
273165,713674,Callionymus kanekonis,273165,Callionymus beniteguri,NA
273165,315465,Repomucenus beniteguri,273165,Callionymus beniteguri,NA
273174,1022558,Callionymus punctatus,273174,Callionymus curvicornis,NA
273174,402742,Callionymus richardsoni,273174,Callionymus curvicornis,NA
273174,302258,Callionymus richardsonii,273174,Callionymus curvicornis,NA
273174,315466,Repomucenus curvicornis,273174,Callionymus curvicornis,NA
273174,282566,Repomucenus richardsonii,273174,Callionymus curvicornis,NA
273600,713559,Iniistius javanicus,273600,Xyrichtys javanicus,NA
273600,319679,Novacula javanica,273600,Xyrichtys javanicus,NA
273633,401787,Labotes pacificus,273633,Lobotes pacifica,NA
273633,1621602,Lobotes pacificus,273633,Lobotes pacifica,NA
273633,322361,Verrugato pacificus,273633,Lobotes pacifica,NA
274308,403334,Pegusa triophthalmus,274308,Pegusa triophthalma,NA
274308,305864,Solea triophthalma,274308,Pegusa triophthalma,NA
274308,305865,Solea triophthalmus,274308,Pegusa triophthalma,NA
274313,403340,Dagetichthys albomaculatus,274313,Synaptura albomaculata,NA
274315,403342,Dagetichthys commersonnii,274315,Synaptura commersonnii,NA
274315,305706,Pleuronectes commersonianus,274315,Synaptura commersonnii,NA
274315,305707,Pleuronectes commersonnii,274315,Synaptura commersonnii,NA
274315,403343,Solea commersonianus,274315,Synaptura commersonnii,NA
274315,403344,Synaptura commersoni,274315,Synaptura commersonnii,NA
274315,219834,Synaptura commersoniana,274315,Synaptura commersonnii,NA
274315,713832,Synaptura commersonii,274315,Synaptura commersonnii,NA
274338,367716,Coregonus anaulorum,274338,Coregonus anaulorum,NA
274338,324381,Coregonus lavaretus pidchian natio anaulorum,274338,Coregonus anaulorum,NA
274344,305925,Coregonus rudolphianus,274344,Coregonus peled,NA
274344,305929,Coregonus syrok,274344,Coregonus peled,NA
274344,305971,Salmo cyprinoides,274344,Coregonus peled,NA
274344,306050,Salmo peled,274344,Coregonus peled,NA
274344,306051,Salmo pelet,274344,Coregonus peled,NA
274732,1578134,Sebastapistes pascuensis,274732,Scorpaena pascuensis,NA
275314,307441,Crenimugil heterocheilus,275314,Crenimugil heterocheilos,NA
275314,713432,Mugil banksi,275314,Crenimugil heterocheilos,NA
275314,303883,Mugil heterocheilos,275314,Crenimugil heterocheilos,NA
275314,402219,Mugil heterochilus,275314,Crenimugil heterocheilos,NA
275314,1019893,Mugil papillosus,275314,Crenimugil heterocheilos,NA
275921,1577936,Laeops mertensae,275921,Monolene mertensae,NA
275921,311443,Laeops mertensi,275921,Monolene mertensae,NA
275921,1621422,Monolene mertensi,275921,Monolene mertensae,NA
276342,324002,Synchiropus agassizi dagmarae,276342,Foetorepus dagmarae,NA
276342,302275,Synchiropus dagmarae,276342,Foetorepus dagmarae,NA
276978,NA,NA,NA,NA,"Error in parse_con(txt, bigint_as_char) : parse error: premature EOF
                                       
                     (right here) ------^

"
277632,310955,Bathygobius orbicularis,277632,Bathygobius ostreicola,NA
277632,303241,Gobius ostreicola,277632,Bathygobius ostreicola,NA
277632,320033,Paragobiopsis orbicularis,277632,Bathygobius ostreicola,NA
277632,320034,Paragobiopsis ostreicola,277632,Bathygobius ostreicola,NA
277754,1593736,Parascolopsis rufomaculatus,277754,Parascolopsis rufomaculata,NA
277788,310753,Barbatogobius asanai,277788,Gobiopsis macrostoma,NA
277788,311035,Gobiopsis macrostomus,277788,Gobiopsis macrostoma,NA
277788,311037,Gobiopsis planifrons,277788,Gobiopsis macrostoma,NA
277788,303170,Gobius macrostoma,277788,Gobiopsis macrostoma,NA
277788,303269,Gobius planifrons,277788,Gobiopsis macrostoma,NA
277788,309788,Pogonogobius planifrons,277788,Gobiopsis macrostoma,NA
277828,1593903,Chiloscyllium burmensis,277828,Chiloscyllium burmense,NA
277830,311148,Chiloscyllium dolganovi,277830,Chiloscyllium hasseltii,NA
277830,311151,Chiloscyllium hasselti,277830,Chiloscyllium hasseltii,NA
277905,NA,NA,NA,NA,"Error in parse_con(txt, bigint_as_char) : parse error: premature EOF
                                       
                     (right here) ------^

"
277906,312539,Acentrogobius madraspatensis,277906,Amoya madraspatensis,NA
277906,379002,Ctenogobius grammatogaster,277906,Amoya madraspatensis,NA
277906,303174,Gobius madraspatensis,277906,Amoya madraspatensis,NA
278509,1592751,Trimma omanensis,278509,Trimma omanense,NA
278549,318938,Loxopseudochromis dorypterus,278549,Owstonia dorypterus,NA
278549,1486862,Owstonia doryptera,278549,Owstonia dorypterus,NA
278628,NA,NA,NA,NA,"Error in parse_con(txt, bigint_as_char) : parse error: premature EOF
                                       
                     (right here) ------^

"
278890,314024,Centropomus arabicus,278890,Cheilodipterus arabicus,NA
278890,209376,Cheilodipterus caninus,278890,Cheilodipterus arabicus,NA
278890,209375,Cheilodipterus lineatus,278890,Cheilodipterus arabicus,NA
278890,307295,Perca arabica,278890,Cheilodipterus arabicus,NA
278890,307326,Perca lineata,278890,Cheilodipterus arabicus,NA
279109,1593962,Stonogobiops xanthorhinica,279109,Stonogobiops xanthorhinicus,NA
279489,403315,Achiroides melanorhijnchus,279489,Achiroides melanorhynchus,NA
279489,403316,Achiroides melanorhinchus,279489,Achiroides melanorhynchus,NA
279489,403317,Achiroides melanorhynchos,279489,Achiroides melanorhynchus,NA
279489,317994,Eurypleura melanorhyncha,279489,Achiroides melanorhynchus,NA
279489,320314,Plagusia melanorhynchus,279489,Achiroides melanorhynchus,NA
279489,305873,Synaptura achira,279489,Achiroides melanorhynchus,NA
279489,305890,Synaptura melanorhyncha,279489,Achiroides melanorhynchus,NA
279587,308490,Arius rugispinis,279587,Amphiarius rugispinis,NA
279587,314015,Cathorops rugispinis,279587,Amphiarius rugispinis,NA
279587,314634,Hexanematichthys rugispinis,279587,Amphiarius rugispinis,NA
279587,344677,Notarius rugispinis,279587,Amphiarius rugispinis,NA
279587,311205,Tachysurus atroplumbeus,279587,Amphiarius rugispinis,NA
279638,1577706,Apagesoma delosommatus,279638,Apagesoma delosommatum,NA
279638,308538,Typhlonus delosommatus,279638,Apagesoma delosommatum,NA
279757,308488,Arius quadriscutis,279757,Aspistor quadriscutis,NA
279757,713067,Notarius quadriscutis,279757,Aspistor quadriscutis,NA
279959,305876,Synaptura annularis,279959,Brachirus annularis,NA
279959,1623045,Zebrias annularis,279959,Brachirus annularis,NA
280138,1621607,Cheimarrichthys fosteri,280138,Cheimarrichthys fosterae,NA
280374,1621426,Congriscus megastomus,280374,Congriscus megastoma,NA
280374,317346,Congromuraena megastoma,280374,Congriscus megastoma,NA
280374,282952,Thalassenchelys coheni,280374,Congriscus megastoma,NA
280546,402564,Dictiosoma burgeri,280546,Dictyosoma burgeri,NA
280546,314265,Dictyosoma temminckii,280546,Dictyosoma burgeri,NA
281026,310739,Gnatholepis mingi,281026,Hemigobius mingi,NA
281026,303191,Gobius melanurus,281026,Hemigobius mingi,NA
281026,314571,Hemigobius bleekeri,281026,Hemigobius mingi,NA
281026,314573,Hemigobius melanurus,281026,Hemigobius mingi,NA
281026,321602,Sphenentogobius vanderbilti,281026,Hemigobius mingi,NA
281026,312174,Stigmatogobius mingi,281026,Hemigobius mingi,NA
281157,1577683,Acentronura lumnitzeri,281157,Idiotropiscis lumnitzeri,NA
281170,1594930,Ilisha sirishai,281170,Ilisha sirishae,NA
281424,318649,Inu ama,281424,Luciogobius ama,NA
281429,318650,Inu koma,281429,Luciogobius koma,NA
281590,405410,Aptergia immaculata,281590,Monopterus albus,NA
281590,405412,Aptergia nigromaculata,281590,Monopterus albus,NA
281590,316381,Apterigia immaculata,281590,Monopterus albus,NA
281590,316382,Apterigia nigromaculata,281590,Monopterus albus,NA
281590,316383,Apterigia saccogularis,281590,Monopterus albus,NA
281590,318073,Fluta alba,281590,Monopterus albus,NA
281590,314528,Gymnotus albus,281590,Monopterus albus,NA
281590,405408,Monopterus alba,281590,Monopterus albus,NA
281590,314957,Monopterus cinereus,281590,Monopterus albus,NA
281590,314958,Monopterus helvolus,281590,Monopterus albus,NA
281590,314959,Monopterus javanensis,281590,Monopterus albus,NA
281590,314960,Monopterus laevis,281590,Monopterus albus,NA
281590,314961,Monopterus marmoratus,281590,Monopterus albus,NA
281590,314962,Monopterus xanthognathus,281590,Monopterus albus,NA
281590,299554,Muraena alba,281590,Monopterus albus,NA
281590,319753,Ophicardia phayriana,281590,Monopterus albus,NA
281590,405411,Ophicardia phyariana,281590,Monopterus albus,NA
281590,319754,Ophicardia xanthognatha,281590,Monopterus albus,NA
281590,320490,Pneumabranchus cinereus,281590,Monopterus albus,NA
281590,321713,Symbranchus grammicus,281590,Monopterus albus,NA
281590,405409,Synbranchus grammicus,281590,Monopterus albus,NA
281590,315734,Synbranchus xanthognathus,281590,Monopterus albus,NA
281590,322275,Unibranchapertura laevis,281590,Monopterus albus,NA
282084,304629,Anthias furcifer,282084,Paranthias furcifer,NA
282084,401367,Centropristes nebulosus,282084,Paranthias furcifer,NA
282084,309108,Centropristis nebulosus,282084,Paranthias furcifer,NA
282084,1577772,Cephalopholis furcifer,282084,Paranthias furcifer,NA
282084,317414,Corvina oxyptera,282084,Paranthias furcifer,NA
282084,304845,Serranus castelnaui,282084,Paranthias furcifer,NA
282084,304864,Serranus creolus,282084,Paranthias furcifer,NA
282084,304893,Serranus furcifer,282084,Paranthias furcifer,NA
282164,NA,NA,NA,NA,"Error in parse_con(txt, bigint_as_char) : parse error: premature EOF
                                       
                     (right here) ------^

"
282267,NA,NA,NA,NA,"Error in parse_con(txt, bigint_as_char) : parse error: premature EOF
                                       
                     (right here) ------^

"
282440,312406,Labrichthys mortonii,282440,Pseudolabrus rubicundus,NA
282440,312409,Labrichthys psittaculus,282440,Pseudolabrus rubicundus,NA
282440,312414,Labrichthys rubicunda,282440,Pseudolabrus rubicundus,NA
282440,303701,Labrus psittaculus,282440,Pseudolabrus rubicundus,NA
282440,315413,Pseudolabrus mortonii,282440,Pseudolabrus rubicundus,NA
282440,315419,Pseudolabrus psittaculus,282440,Pseudolabrus rubicundus,NA
282440,308649,Tautoga psittacula,282440,Pseudolabrus rubicundus,NA
282792,312703,Cheilodipterus panijus,282792,Sillaginopsis panijus,NA
282792,315632,Sillaginopsis domina,282792,Sillaginopsis panijus,NA
282792,1578150,Sillaginopsis punijas,282792,Sillaginopsis panijus,NA
282792,305096,Sillago domina,282792,Sillaginopsis panijus,NA
282792,305103,Sillago panijus,282792,Sillaginopsis panijus,NA
282792,401535,Sillago panjius,282792,Sillaginopsis panijus,NA
282882,NA,NA,NA,NA,"Error in parse_con(txt, bigint_as_char) : parse error: premature EOF
                                       
                     (right here) ------^

"
283185,308622,Halichoeres macleayi,283185,Xenojulis margaritacea,NA
283185,320394,Platyglossus margaritaceus,283185,Xenojulis margaritacea,NA
283185,1621431,Xenojulis margaritaceus,283185,Xenojulis margaritacea,NA
283185,315936,Xenojulis montillai,283185,Xenojulis margaritacea,NA
293658,283187,Xenomugil thoburni,293658,Mugil thoburni,NA
298238,277101,Cephaloscyllium isabellum,298238,Cephaloscyllium isabella,NA
298238,712936,Cephaloscyllium sabella,298238,Cephaloscyllium isabella,NA
298238,307232,Scyllium lima,298238,Cephaloscyllium isabella,NA
298238,399553,Scyllium sabella,298238,Cephaloscyllium isabella,NA
298238,299164,Squalus isabella,298238,Cephaloscyllium isabella,NA
298238,299165,Squalus isabella,298238,Cephaloscyllium isabella,NA
299709,318586,Hyoprorus messanensis,299709,Nettastoma melanura,NA
299709,400002,Hyoprorus messinensis,299709,Nettastoma melanura,NA
299709,314797,Leptocephalus longirostris,299709,Nettastoma melanura,NA
299709,314828,Leptocephalus urosema,299709,Nettastoma melanura,NA
299709,1577967,Mettastoma melanurum,299709,Nettastoma melanura,NA
299709,299669,Muraena saga,299709,Nettastoma melanura,NA
299709,319469,Muraenophis saga,299709,Nettastoma melanura,NA
299709,319475,Muraenosaurus guentheri,299709,Nettastoma melanura,NA
299709,400003,Muraenosaurus güntheri,299709,Nettastoma melanura,NA
299709,319484,Murenophis saga,299709,Nettastoma melanura,NA
299709,1577995,Nettastoma melanorum,299709,Nettastoma melanura,NA
299709,126308,Nettastoma melanurum,299709,Nettastoma melanura,NA
299709,299710,Nettastoma mendax,299709,Nettastoma melanura,NA
299709,299713,Nettastoma saga,299709,Nettastoma melanura,NA
299709,319869,Osorina guentheri,299709,Nettastoma melanura,NA
301526,275866,Nannobrachium isaacsi,301526,Lampanyctus isaacsi,NA
302950,402775,Acentrogobius bonti,302950,Gobius bontii,NA
302950,219362,Acentrogobius bontii,302950,Gobius bontii,NA
302950,311469,Drombus bontii,302950,Gobius bontii,NA
303762,317881,Equula caballa,303762,Leiognathus equula,NA
303762,317889,Equula edentula,303762,Leiognathus equula,NA
303762,317891,Equula ensifera,303762,Leiognathus equula,NA
303762,317918,Equula totta,303762,Leiognathus equula,NA
303762,303758,Leiognathus argenteus,303762,Leiognathus equula,NA
303762,303760,Leiognathus edentulus,303762,Leiognathus equula,NA
303762,218459,Leiognathus equulus,303762,Leiognathus equula,NA
303762,303768,Leiognathus obscura,303762,Leiognathus equula,NA
303762,304488,Scomber edentulus,303762,Leiognathus equula,NA
303762,304489,Scomber equula,303762,Leiognathus equula,NA
304153,273722,Chromis enchrysura,304153,Chromis enchrysurus,NA
305635,316335,Aphoristia atricauda,305635,Symphurus atricauda,NA
305635,274234,Symphurus atricaudus,305635,Symphurus atricauda,NA
305637,159357,Symphurus civitatium,305637,Symphurus civitatum,NA
305637,403371,Symphurus civitatus,305637,Symphurus civitatum,NA
306012,321145,Salar macrostigma,306012,Salmo macrostigma,NA
306012,324335,Salmo fario macrostigma,306012,Salmo macrostigma,NA
306012,306001,Salmo lapasseti,306012,Salmo macrostigma,NA
306012,293722,Salmo trutta macrostigma,306012,Salmo macrostigma,NA
307068,NA,NA,NA,NA,"Error in parse_con(txt, bigint_as_char) : parse error: premature EOF
                                       
                     (right here) ------^

"
307072,275236,Balistes willughbeii,307072,Canthidermis willughbeii,NA
307126,307000,Balistes hispidus,307126,Stephanolepis hispida,NA
307126,309310,Monacanthus auriga,307126,Stephanolepis hispida,NA
307126,309323,Monacanthus filamentosus,307126,Stephanolepis hispida,NA
307126,309329,Monacanthus gallinula,307126,Stephanolepis hispida,NA
307126,309334,Monacanthus hispidus,307126,Stephanolepis hispida,NA
307126,309362,Monacanthus oppositus,307126,Stephanolepis hispida,NA
307126,309377,Monacanthus setifer,307126,Stephanolepis hispida,NA
307126,309379,Monacanthus spilonotus,307126,Stephanolepis hispida,NA
307126,319395,Monocanthus setifer,307126,Stephanolepis hispida,NA
307126,127409,Stephanolepis hispidus,307126,Stephanolepis hispida,NA
308768,159273,Ancylopsetta ommata,308768,Ancylopsetta quadrocellata,NA
308768,713816,Ancylopsetta quadrocellatus,308768,Ancylopsetta quadrocellata,NA
308768,308640,Paralichthys ommatus,308768,Ancylopsetta quadrocellata,NA
308885,313597,Adinia multifasciata,308885,Fundulus xenicus,NA
308885,313598,Adinia multifasciatus,308885,Fundulus xenicus,NA
308885,279509,Adinia xenica,308885,Fundulus xenicus,NA
308885,1577884,Fundulus xenica,308885,Fundulus xenicus,NA
309697,276577,Bembrops greyi,309697,Bembrops greyae,NA
309705,713395,Polyactylus microstomus,309705,Polydactylus microstoma,NA
309705,276592,Polydactylus microstomus,309705,Polydactylus microstoma,NA
309705,309711,Polydactylus zophomus,309705,Polydactylus microstoma,NA
309705,309967,Polynemus microstoma,309705,Polydactylus microstoma,NA
309705,713396,Polynemus microstomus,309705,Polydactylus microstoma,NA
310096,273889,Serranus africanus,310096,Chelidoperca africana,NA
311258,312546,Acentrogobius signatus,311258,Amoya signata,NA
311258,219381,Amoya signatus,311258,Amoya signata,NA
311258,309532,Ctenogobius pavidus,311258,Amoya signata,NA
311258,303333,Gobius signatus,311258,Amoya signata,NA
311258,311479,Yongeichthys pavidus,311258,Amoya signata,NA
312021,278495,Trimma filamentosus,312021,Trimma filamentosum,NA
312542,NA,NA,NA,NA,"Error in parse_con(txt, bigint_as_char) : parse error: premature EOF
                                       
                     (right here) ------^

"
312917,209271,Amblyeleotris exilis,312917,Amblyeleotris periophthalmus,NA
312917,312916,Amblyeleotris maculata,312917,Amblyeleotris periophthalmus,NA
312917,278979,Amblyeleotris periophthalma,312917,Amblyeleotris periophthalmus,NA
312917,219425,Cryptocentrops exilis,312917,Amblyeleotris periophthalmus,NA
312917,311106,Eleotris periophthalmus,312917,Amblyeleotris periophthalmus,NA
313008,1022669,Acanthopagrus longispinnis,313008,Acanthopagrus datnia,NA
313008,314103,Chrysophrys longispinnis,313008,Acanthopagrus datnia,NA
313008,317301,Coius datnia,313008,Acanthopagrus datnia,NA
313008,1022752,Sparidentex datnia,313008,Acanthopagrus datnia,NA
313008,1578156,Sparus datnia,313008,Acanthopagrus datnia,NA
313008,305275,Sparus longispinnis,313008,Acanthopagrus datnia,NA
313909,279920,Blennodon dorsale,313909,Blennodon dorsalis,NA
313909,322256,Trypterigium dorsalis,313909,Blennodon dorsalis,NA
313909,322258,Trypterygion dorsale,313909,Blennodon dorsalis,NA
314177,475060,Coelophrys micropa,314177,Coelophrys micropus,NA
314177,301393,Dibranchus micropus,314177,Coelophrys micropus,NA
314177,278805,Halieutopsis micropa,314177,Coelophrys micropus,NA
314177,220348,Halieutopsis micropus,314177,Coelophrys micropus,NA
314382,713619,Forsterygion gymnota,314382,Forsterygion gymnotum,NA
314382,280928,Grahamina gymnota,314382,Forsterygion gymnotum,NA
314382,314507,Grahamina signata,314382,Forsterygion gymnotum,NA
314549,305371,Pelates quinquelineatus,314549,Helotes sexlineatus,NA
314549,714864,Pelates quinquelineatus,314549,Helotes sexlineatus,NA
314549,274001,Pelates sexlineatus,314549,Helotes sexlineatus,NA
314549,401441,Terapon sexlineatus,314549,Helotes sexlineatus,NA
315019,1020189,Callionymus microps,315019,Neosynchiropus ocellatus,NA
315019,302245,Callionymus ocellatus,315019,Neosynchiropus ocellatus,NA
315019,1022975,Callionymus punctulatus,315019,Neosynchiropus ocellatus,NA
315019,1018409,Synchiropus lili,315019,Neosynchiropus ocellatus,NA
315019,273254,Synchiropus ocellatus,315019,Neosynchiropus ocellatus,NA
315019,1014369,Synchiropus rhodonotus,315019,Neosynchiropus ocellatus,NA
315019,1015057,Synchiropus shoe,315019,Neosynchiropus ocellatus,NA
316266,159442,Acentronura dendritica,316266,Amphelikturus dendriticus,NA
316266,321536,Siphostoma dendriticum,316266,Amphelikturus dendriticus,NA
317539,400469,Ctenoscopelus phengodeus,317539,Ctenoscopelus phengodes,NA
317539,217712,Myctophum phengodes,317539,Ctenoscopelus phengodes,NA
317539,400468,Myctophum phengoides,317539,Ctenoscopelus phengodes,NA
317539,321356,Scopelus phengodes,317539,Ctenoscopelus phengodes,NA
317659,317660,Dasyscopelus naufragus,317659,Dasyscopelus asper,NA
317659,158903,Myctophum asperum,317659,Dasyscopelus asper,NA
317659,321309,Scopelus asper,317659,Dasyscopelus asper,NA
319394,400203,Grimaldia grimaldi,319394,Monacoa grimaldii,NA
319394,1577972,Monacoa grimaldi,319394,Monacoa grimaldii,NA
319394,400204,Opisthoproctus grimaldi,319394,Monacoa grimaldii,NA
319394,126732,Opisthoproctus grimaldii,319394,Monacoa grimaldii,NA
319690,310259,Novaculichthys entargyreus,319690,Novaculops woodi,NA
319690,310261,Novaculichthys tattoo,319690,Novaculops woodi,NA
319690,310262,Novaculichthys woodi,319690,Novaculops woodi,NA
319690,273615,Xyrichtys woodi,319690,Novaculops woodi,NA
319884,273090,Apogon rubrimacula,319884,Ostorhinchus rubrimacula,NA
320982,273509,Pomadasys panamensis,320982,Rhencus panamensis,NA
320982,320628,Pristipoma panamense,320982,Rhencus panamensis,NA
321715,279955,Brachionichthys politus,321715,Sympterichthys politus,NA
321715,317038,Cheironectes politus,321715,Sympterichthys politus,NA
321715,475059,Thymichthys politus,321715,Sympterichthys politus,NA
322267,309473,Diapterus lefroyi,322267,Ulaema lefroyi,NA
322267,159734,Eucinostomus lefroyi,322267,Ulaema lefroyi,NA
322499,127281,Bonapartia pedaliota,322499,Zaphotias pedaliotus,NA
322499,322498,Zaphotias nudum,322499,Zaphotias pedaliotus,NA
322499,322500,Zaphotias photocephalus,322499,Zaphotias pedaliotus,NA
344012,NA,NA,NA,NA,"Error in parse_con(txt, bigint_as_char) : parse error: premature EOF
                                       
                     (right here) ------^

"
344094,1377341,Coluber fasciatus,344094,Nerodia fasciata,NA
344095,1377342,Coluber sipedon,344095,Nerodia sipedon,NA
344125,NA,NA,NA,NA,"Error in parse_con(txt, bigint_as_char) : parse error: premature EOF
                                       
                     (right here) ------^

"
344633,1377540,Hydrus gracilis,344633,Hydrophis gracilis,NA
344633,344091,Microcephalophis gracilis,344633,Hydrophis gracilis,NA
382881,383019,Justitia longimana mauritania,382881,Justitia longimana,NA
382881,421859,Justitia longimanus,382881,Justitia longimana,NA
382881,220232,Justitia mauritiana,382881,Justitia longimana,NA
382881,210075,Palinurus longimanus,382881,Justitia longimana,NA
382881,224031,Palinurus longimanus var. mauritianus,382881,Justitia longimana,NA
383037,107251,Enoplometopus antillensis,383037,Hoplometopus antillensis,NA
383037,383038,Enoplometopus dentatus,383037,Hoplometopus antillensis,NA
383039,383040,Enoplometopus biafri,383039,Hoplometopus callistus,NA
383039,107252,Enoplometopus callistus,383039,Hoplometopus callistus,NA
383043,382835,Enoplometopus gracilipes,383043,Hoplometopus gracilipes,NA
383045,383044,Enoplometopus (Hoplometopus) holthuisi,383045,Hoplometopus holthuisi,NA
383045,383048,Enoplometopus (Hoplometopus) voigtmanni,383045,Hoplometopus holthuisi,NA
383045,382836,Enoplometopus holthuisi,383045,Hoplometopus holthuisi,NA
383045,382838,Enoplometopus voigtmanni,383045,Hoplometopus holthuisi,NA
390128,1567211,Astronesthes formosana,390128,Astronesthes formosanus,NA
398246,398242,Cephaloscyllium circulopullum,398246,Cephaloscyllium sarawakense,NA
398246,389968,Cephaloscyllium parvum,398246,Cephaloscyllium sarawakense,NA
398246,1592640,Cephaloscyllium sarawakensis,398246,Cephaloscyllium sarawakense,NA
398371,272045,Aulopus formosanus,398371,Hime formosana,NA
398371,318484,Hime formosanus,398371,Hime formosana,NA
398438,276233,Acentronura larsonae,398438,Idiotropiscis larsonae,NA
398453,218135,Cociella crocodila,398453,Cociella crocodilus,NA
398453,1432873,Cociella crocodila,398453,Cociella crocodilus,NA
398453,713251,Cociella crocodile,398453,Cociella crocodilus,NA
398453,1577821,Cociella crocodiles,398453,Cociella crocodilus,NA
398453,401118,Cociella crocodilla,398453,Cociella crocodilus,NA
398453,714852,Cociella crocodilus,398453,Cociella crocodilus,NA
398453,317226,Cocius crocodila,398453,Cociella crocodilus,NA
398453,317227,Cocius crocodilus,398453,Cociella crocodilus,NA
398453,314706,Inegocia crocodilus,398453,Cociella crocodilus,NA
398453,281177,Inegocia guttata,398453,Cociella crocodilus,NA
398453,401117,Platycephalus crocodila,398453,Cociella crocodilus,NA
398453,213654,Platycephalus crocodilus,398453,Cociella crocodilus,NA
398453,714865,Platycephalus crocodilus,398453,Cociella crocodilus,NA
398453,306334,Platycephalus guttatus,398453,Cociella crocodilus,NA
398453,306339,Platycephalus inermis,398453,Cociella crocodilus,NA
398485,278297,Pseudogramma thaumasium,398485,Pseudogramma thaumasia,NA
398485,320981,Rhegma thaumasium,398485,Pseudogramma thaumasia,NA
398660,1592566,Trimma hotsarihiensis,398660,Trimma hotsarihiense,NA
400058,310788,Harengula fijiense,400058,Sardinella fijiensis,NA
400058,310789,Harengula fijiensis,400058,Sardinella fijiensis,NA
400058,272268,Sardinella fijiense,400058,Sardinella fijiensis,NA
400491,318283,Gymnetrus hawkenii,400491,Regalecus russellii,NA
400491,1621028,Gymnetrus hawkinsii,400491,Regalecus russellii,NA
400491,318287,Gymnetrus russelii,400491,Regalecus russellii,NA
400491,1577901,Gymnetrus russellii,400491,Regalecus russellii,NA
400491,301233,Regalecus caudatus,400491,Regalecus russellii,NA
400491,1627158,Regalecus glesne pacificus,400491,Regalecus russellii,NA
400491,272529,Regalecus kinoi,400491,Regalecus russellii,NA
400491,272530,Regalecus russelii,400491,Regalecus russellii,NA
400491,1015620,Regalecus woodjonesi,400491,Regalecus russellii,NA
401693,316069,Aetiasis cantharoides,401693,Paracaesio xanthurus,NA
401693,310942,Apsilus xanthurus,401693,Paracaesio xanthurus,NA
401693,312109,Caesio xanthurus,401693,Paracaesio xanthurus,NA
401693,312310,Paracaesio pedleyi,401693,Paracaesio xanthurus,NA
401693,1774784,Paracaesio tumidus,401693,Paracaesio xanthurus,NA
401693,218502,Paracaesio xanthura,401693,Paracaesio xanthurus,NA
401693,401692,Paraceasio xanthurus,401693,Paracaesio xanthurus,NA
401693,322347,Vegetichthys tumidus,401693,Paracaesio xanthurus,NA
401818,275746,Orthopristis ruber,401818,Orthopristis rubra,NA
401818,1619500,Pristipoma lineatum,401818,Orthopristis rubra,NA
401818,320634,Pristipoma rubrum,401818,Orthopristis rubra,NA
402161,312649,Centropyge flammeus,402161,Centropyge loriculus,NA
402161,278841,Centropyge loricula,402161,Centropyge loriculus,NA
402161,308794,Holacanthus loriculus,402161,Centropyge loriculus,NA
403239,159593,Ariomma melanum,403239,Ariomma melana,NA
403239,309429,Ariomma multisquamis,403239,Ariomma melana,NA
403239,304048,Cubiceps melanus,403239,Ariomma melana,NA
403239,320017,Paracubiceps multisquamis,403239,Ariomma melana,NA
403239,1013730,Paracubiceps multisquamus,403239,Ariomma melana,NA
403248,280076,Cephalopsetta ventrocellatus,403248,Cephalopsetta ventrocellata,NA
403345,1577834,Dagetichthys lusitanica,403345,Dagetichthys lusitanicus,NA
403345,127162,Synaptura lusitanica,403345,Dagetichthys lusitanicus,NA
403345,293750,Synaptura lusitanica lusitanica,403345,Dagetichthys lusitanicus,NA
403345,293749,Synaptura lusitanica nigromaculata,403345,Dagetichthys lusitanicus,NA
403345,322849,Synaptura lusitanica punctatissima,403345,Dagetichthys lusitanicus,NA
403345,1045956,Synaptura lusitanica var. nigromaculata,403345,Dagetichthys lusitanicus,NA
403345,305897,Synaptura punctatissima,403345,Dagetichthys lusitanicus,NA
403345,324052,Synaptura punctatissima nigromaculata,403345,Dagetichthys lusitanicus,NA
403345,1627773,Synaptura punctatissima var. nigromaculata,403345,Dagetichthys lusitanicus,NA
407687,NA,NA,NA,NA,"Error in parse_con(txt, bigint_as_char) : parse error: premature EOF
                                       
                     (right here) ------^

"
407689,344052,Hydrophis caerulescens,407689,Polyodontognathus caerulescens,NA
413970,413969,Ablepharus boutonii,413970,Cryptoblepharus boutonii,NA
428203,1380231,Conus (Rhizoconus) sazanka,428203,Conus martensi,NA
428203,853648,Conus (Splinoconus) martensi,428203,Conus martensi,NA
428203,853914,Conus (Splinoconus) sazanka,428203,Conus martensi,NA
428203,429897,Conus kurzi,428203,Conus martensi,NA
428203,430177,Conus sazanka,428203,Conus martensi,NA
428203,1440360,Dendroconus martensi,428203,Conus martensi,NA
428203,1380232,Isoconus martensi,428203,Conus martensi,NA
428203,1380230,Isoconus sazanka,428203,Conus martensi,NA
428203,1289423,Kioconus (Isoconus) kurzi,428203,Conus martensi,NA
428203,1289421,Kioconus (Isoconus) martensi,428203,Conus martensi,NA
428203,1289422,Kioconus (Isoconus) sazanka,428203,Conus martensi,NA
428203,577396,Kioconus martensi,428203,Conus martensi,NA
428203,577401,Kioconus sazanka,428203,Conus martensi,NA
428203,430178,Rhizoconus yoshioi,428203,Conus martensi,NA
428210,843610,Conus (Dauciconus) kerstitchi,428210,Conus monilifer,NA
428210,843644,Conus (Dauciconus) monilifer,428210,Conus monilifer,NA
428210,430022,Conus ferrugatus,428210,Conus monilifer,NA
428210,428170,Conus kerstitchi,428210,Conus monilifer,NA
428210,429842,Conus selectus,428210,Conus monilifer,NA
428210,577319,Gradiconus monilifer,428210,Conus monilifer,NA
428979,576176,Asprella pretiosa,428979,Conus pretiosus,NA
428979,1471800,Conus (Chelyconus) pretiosus,428979,Conus pretiosus,NA
428979,851400,Conus (Phasmoconus) pretiosus,428979,Conus pretiosus,NA
428979,429715,Conus phuketensis,428979,Conus pretiosus,NA
428979,754292,Graphiconus pretiosus,428979,Conus pretiosus,NA
429924,1521671,Conus (Asprella) samiae,429924,Conus samiae,NA
429924,851982,Conus (Phasmoconus) habui,429924,Conus samiae,NA
429924,387733,Conus habui,429924,Conus samiae,NA
429924,574484,Phasmoconus habui,429924,Conus samiae,NA
429965,877167,Conus (Lautoconus) franciscanus,429965,Conus franciscanus,NA
429965,848382,Conus (Lautoconus) hybridus,429965,Conus franciscanus,NA
429965,224278,Conus hybridus,429965,Conus franciscanus,NA
429965,877166,Lautoconus franciscanus,429965,Conus franciscanus,NA
429965,577587,Lautoconus hybridus,429965,Conus franciscanus,NA
429965,1442381,Varioconus franciscanus,429965,Conus franciscanus,NA
468222,344061,Hydrophis laboutei,468222,Chitulia laboutei,NA
475052,302658,Chaetodon desmotes,475052,Roa modesta,NA
475052,273348,Chaetodon modestus,475052,Roa modesta,NA
475052,314196,Coradion desmotes,475052,Roa modesta,NA
475052,402127,Coradion modestum,475052,Roa modesta,NA
475052,314199,Coradion modestus,475052,Roa modesta,NA
475052,320006,Paracanthochaetodon modestus,475052,Roa modesta,NA
475052,298144,Roa modestus,475052,Roa modesta,NA
475055,282121,Paratrachichthys sajademalensis,475055,Aulotrachichthys sajademalensis,NA
593473,NA,NA,NA,NA,"Error in parse_con(txt, bigint_as_char) : parse error: premature EOF
                                       
                     (right here) ------^

"
593553,713463,Julis taenianotus,593553,Novaculoides macrolepidotus,NA
593553,714856,Julis trimaculata,593553,Novaculoides macrolepidotus,NA
593553,713462,Labrus arago,593553,Novaculoides macrolepidotus,NA
593553,303665,Labrus macrolepidotus,593553,Novaculoides macrolepidotus,NA
593553,713464,Novacula julioides,593553,Novaculoides macrolepidotus,NA
593553,219034,Novaculichthys macrolepidotus,593553,Novaculoides macrolepidotus,NA
596250,596246,Haliotis barbouri,596250,Haliotis dringii,NA
596250,596252,Haliotis papulata,596250,Haliotis dringii,NA
596250,445377,Haliotis venusta,596250,Haliotis dringii,NA
712397,1592816,Hongeo koreana,712397,Hongeo koreanus,NA
712397,712959,Okamejei koreana,712397,Hongeo koreanus,NA
712397,271579,Raja koreana,712397,Hongeo koreanus,NA
712435,281315,Leptocephalus congroides,712435,Heteroconger congroides,NA
712453,713083,Coregonus amnipetens,712453,Coregonus maraena,NA
712453,1626422,Coregonus holsatus vigrensis,712453,Coregonus maraena,NA
712453,713081,Coregonus lapponicus,712453,Coregonus maraena,NA
712453,714533,Coregonus lavaretus bergi,712453,Coregonus maraena,NA
712453,714606,Coregonus lavaretus f. baltica,712453,Coregonus maraena,NA
712453,714607,Coregonus lavaretus f. balticus,712453,Coregonus maraena,NA
712453,714530,Coregonus lavaretus maraena,712453,Coregonus maraena,NA
712453,714534,Coregonus lavaretus mediospinatus,712453,Coregonus maraena,NA
712453,714532,Coregonus lavaretus vaetterensis,712453,Coregonus maraena,NA
712453,714535,Coregonus lavaretus vygensis,712453,Coregonus maraena,NA
712453,714611,Coregonus lavaretus vygensis natio telekinae,712453,Coregonus maraena,NA
712453,713082,Coregonus lloydii,712453,Coregonus maraena,NA
712453,714531,Coregonus maraena pommerana,712453,Coregonus maraena,NA
712453,713080,Salmo maraena,712453,Coregonus maraena,NA
712643,273119,Apogon zebrinus,712643,Nectamia zebrina,NA
712643,1592767,Nectamia zebrinus,712643,Nectamia zebrina,NA
712653,308185,Amia compressa,712653,Ostorhinchus compressus,NA
712653,272999,Apogon compressus,712653,Ostorhinchus compressus,NA
712653,713320,Apogonichthys macrophthalmus,712653,Ostorhinchus compressus,NA
712671,273039,Apogon margaritophorus,712671,Ostorhinchus margaritophorus,NA
712677,401490,Apogon neotenes,712677,Ostorhinchus neotes,NA
712677,273053,Apogon neotes,712677,Ostorhinchus neotes,NA
712677,401489,Apogon neotus,712677,Ostorhinchus neotes,NA
712687,308212,Amia sealei,712687,Ostorhinchus sealei,NA
712687,273095,Apogon sealei,712687,Ostorhinchus sealei,NA
712693,273117,Apogon wassinki,712693,Ostorhinchus wassinki,NA
712745,316293,Angelichthys interruptus,712745,Centropyge interrupta,NA
712745,278839,Centropyge interruptus,712745,Centropyge interrupta,NA
712798,1592563,Pseudoscopelus odontoglossum,712798,Pseudoscopelus odontoglossus,NA
712846,159624,Foetorepus goodenbeani,712846,Synchiropus goodenbeani,NA
712877,282492,Psilotris celsus,712877,Psilotris celsa,NA
712902,301917,Acanthurus velifer,712902,Zebrasoma velifer,NA
712902,219684,Zebrasoma veliferum,712902,Zebrasoma velifer,NA
712902,1578210,Zebrasoma verifellum,712902,Zebrasoma velifer,NA
713029,NA,NA,NA,NA,"Error in parse_con(txt, bigint_as_char) : parse error: premature EOF
                                       
                     (right here) ------^

"
713109,400480,Lophotes guntheri,713109,Lophotus guentheri,NA
713109,398378,Lophotus guntheri,713109,Lophotus guentheri,NA
713842,276252,Cantherhines multilineatus,713842,Thamnaconus multilineatus,NA
713842,311463,Pseudomonacanthus multilineatus,713842,Thamnaconus multilineatus,NA
889885,126999,Abudefduf luridus,889885,Similiparma lurida,NA
889885,302700,Chaetodon luridi,889885,Similiparma lurida,NA
889885,302701,Chaetodon luridus,889885,Similiparma lurida,NA
889885,402256,Chaetodonton luridi,889885,Similiparma lurida,NA
889885,312059,Glyphisodon luridus,889885,Similiparma lurida,NA
1008571,398571,Xyrichtys pastellus,1008571,Novaculops pastellus,NA
1008780,398632,Ctenogobiops phaeostictus,1008780,Vanderhorstia phaeosticta,NA
1008780,713729,Ctenogobius phaeostictus,1008780,Vanderhorstia phaeosticta,NA
1008780,1578200,Vanderhorstia phaeostictus,1008780,Vanderhorstia phaeosticta,NA
1009528,273601,Xyrichtys koteamea,1009528,Novaculops koteamea,NA
1009705,712766,Xyrichtys halsteadi,1009705,Novaculops halsteadi,NA
1011315,274431,Careproctus herwigi,1011315,Volodichthys herwigi,NA
1011342,279278,Eptatretus eos,1011342,Rubicundus eos,NA
1015120,275914,Monolene asaedai,1015120,Monolene asaedae,NA
1015120,403295,Monolene assaedae,1015120,Monolene asaedae,NA
1017252,322463,Xyrichthys sciistius,1017252,Novaculops sciistius,NA
1017252,712767,Xyrichtys sciistius,1017252,Novaculops sciistius,NA
1017257,312396,Labrichthys isleanus,1017257,Suezichthys ornatus,NA
1017257,312398,Labrichthys lantzii,1017257,Suezichthys ornatus,NA
1017257,303685,Labrus ornatus,1017257,Suezichthys ornatus,NA
1017257,281647,Nelabrichthys ornatus,1017257,Suezichthys ornatus,NA
1017257,320402,Platyglossus robinsoni,1017257,Suezichthys ornatus,NA
1017278,315016,Neosynchiropus ijimai,1017278,Neosynchiropus ijimae,NA
1017278,273246,Synchiropus ijimae,1017278,Neosynchiropus ijimae,NA
1017278,402748,Synchiropus ijimai,1017278,Neosynchiropus ijimae,NA
1017278,402747,Synchiropus izimae,1017278,Neosynchiropus ijimae,NA
1019169,281172,Iluocoetes elongatus,1019169,Argentinolycus elongatus,NA
1019169,298270,Phucocoetes variegatus,1019169,Argentinolycus elongatus,NA
1019169,323862,Phucocoetes variegatus effusus,1019169,Argentinolycus elongatus,NA
1019169,323863,Phucocoetes variegatus elongatus,1019169,Argentinolycus elongatus,NA
1019169,323865,Phucocoetes variegatus micropus,1019169,Argentinolycus elongatus,NA
1019532,276259,Neomerinthe bathyperimensis,1019532,Neomerinthe erostris,NA
1019532,1623746,Neomerinthe gibbifrons,1019532,Neomerinthe erostris,NA
1019532,276266,Neomerinthe rotunda,1019532,Neomerinthe erostris,NA
1019532,1009872,Scorpaena erostris,1019532,Neomerinthe erostris,NA
1019532,274710,Scorpaena gibbifrons,1019532,Neomerinthe erostris,NA
1019728,281049,Hermosilla azurea,1019728,Kyphosus azureus,NA
1019728,1531290,Hermosilla robusta,1019728,Kyphosus azureus,NA
1021098,318538,Holocentrum suborbitale,1021098,Sargocentron suborbitale,NA
1021098,1420533,Holocentrus suborbitalis,1021098,Sargocentron suborbitale,NA
1021098,1623161,Neoniphon suborbitalis,1021098,Sargocentron suborbitale,NA
1021098,272219,Sargocentron suborbitalis,1021098,Sargocentron suborbitale,NA
1022235,273097,Apogon semilineatus,1022235,Ostorhinchus semilineatus,NA
1022907,307409,Crenilabrus melanocercus,1022907,Centrolabrus melanocercus,NA
1022907,309650,Lutjanus melanocercus,1022907,Centrolabrus melanocercus,NA
1022907,127458,Symphodus (Crenilabrus) melanocercus,1022907,Centrolabrus melanocercus,NA
1022907,273570,Symphodus melanocercus,1022907,Centrolabrus melanocercus,NA
1023017,273057,Apogon notatus,1023017,Ostorhinchus notatus,NA
1023017,305290,Sparus notatus,1023017,Ostorhinchus notatus,NA
1042834,309760,Moolgarda buchanani,1042834,Crenimugil buchanani,NA
1042834,218895,Mugil buchanani,1042834,Crenimugil buchanani,NA
1042834,303853,Mugil ceylonensis,1042834,Crenimugil buchanani,NA
1042834,303965,Oedalechilus kesteveni,1042834,Crenimugil buchanani,NA
1042834,218904,Valamugil buchanani,1042834,Crenimugil buchanani,NA
1042834,402242,Valamugil buchanari,1042834,Crenimugil buchanani,NA
1042881,273640,Liza grandisquamis,1042881,Parachelon grandisquamis,NA
1042881,303880,Mugil grandisquamis,1042881,Parachelon grandisquamis,NA
1042881,402225,Mugil grandisquammis,1042881,Parachelon grandisquamis,NA
1042881,303886,Mugil hypselopterus,1042881,Parachelon grandisquamis,NA
1042881,303938,Mugil productus,1042881,Parachelon grandisquamis,NA
1042881,1021080,Mugil schlegeli,1042881,Parachelon grandisquamis,NA
1042881,303946,Mugil schlegelii,1042881,Parachelon grandisquamis,NA
1043428,303849,Mugil capensis,1043428,Pseudomyxus capensis,NA
1043428,303872,Mugil euronotus,1043428,Pseudomyxus capensis,NA
1043428,218897,Myxus capensis,1043428,Pseudomyxus capensis,NA
1043428,322092,Trachystoma euronotus,1043428,Pseudomyxus capensis,NA
1043436,398222,Eptatretus lopheliae,1043436,Rubicundus lopheliae,NA
1043448,272971,Apogon amboinensis,1043448,Fibramia amboinensis,NA
1043449,209319,Apogon lateralis,1043449,Fibramia lateralis,NA
1043449,401484,Apogon literalis,1043449,Fibramia lateralis,NA
1043449,712667,Ostorhinchus lateralis,1043449,Fibramia lateralis,NA
1043458,276413,Diapterus aureolus,1043458,Deckertichthys aureolus,NA
1043458,310015,Gerres aureolus,1043458,Deckertichthys aureolus,NA
1043472,282490,Psilotris batrachodes,1043472,Cryptopsilotris batrachodes,NA
1043472,1578083,Psilotris batrachoides,1043472,Cryptopsilotris batrachodes,NA
1043472,402907,Psilotrix batrachodes,1043472,Cryptopsilotris batrachodes,NA
1043474,282504,Pterothrissus belloci,1043474,Nemoossis belloci,NA
1043477,862536,Aphanius chantrei,1043477,Crenimugil seheli,NA
1043477,1458997,Cyprinodon chantrei,1043477,Crenimugil seheli,NA
1043477,303804,Liza caeruleomaculatus,1043477,Crenimugil seheli,NA
1043477,303823,Liza seheli,1043477,Crenimugil seheli,NA
1043477,309762,Moolgarda delicata,1043477,Crenimugil seheli,NA
1043477,1529728,Moolgarda pura,1043477,Crenimugil seheli,NA
1043477,309766,Moolgarda seheli,1043477,Crenimugil seheli,NA
1043477,303838,Mugil axillaris,1043477,Crenimugil seheli,NA
1043477,1021158,Mugil bleekeri,1043477,Crenimugil seheli,NA
1043477,303841,Mugil borbonicus,1043477,Crenimugil seheli,NA
1043477,303846,Mugil caeruleomaculata,1043477,Crenimugil seheli,NA
1043477,303847,Mugil caeruleomaculatus,1043477,Crenimugil seheli,NA
1043477,402246,Mugil caeruleornaculatus,1043477,Crenimugil seheli,NA
1043477,218892,Mugil caruleomaculatus,1043477,Crenimugil seheli,NA
1043477,402245,Mugil coeruleomaculatus,1043477,Crenimugil seheli,NA
1043477,322973,Mugil crenilabis seheli,1043477,Crenimugil seheli,NA
1043477,303864,Mugil cylindricus,1043477,Crenimugil seheli,NA
1043477,1021161,Mugil decemradiatus,1043477,Crenimugil seheli,NA
1043477,303865,Mugil delicatus,1043477,Crenimugil seheli,NA
1043477,402244,Mugil seheh,1043477,Crenimugil seheli,NA
1043477,303947,Mugil seheli,1043477,Crenimugil seheli,NA
1043477,1022925,Mullus malabaricus,1043477,Crenimugil seheli,NA
1043477,278817,Valamugil delicata,1043477,Crenimugil seheli,NA
1043477,218905,Valamugil seheli,1043477,Crenimugil seheli,NA
1043483,314081,Chriolepis imswe,1043483,Paedovaricus imswe,NA
1043483,283136,Varicus imswe,1043483,Paedovaricus imswe,NA
1043488,1592590,Dentiraja falloarga,1043488,Dentiraja falloargus,NA
1043488,398294,Dipturus falloargus,1043488,Dentiraja falloargus,NA
1043601,282489,Psilotris amblyrhynchus,1043601,Carrigobius amblyrhynchus,NA
1053693,574763,Africonus claudiae,1053693,Conus galeao,NA
1053693,757984,Africonus damottai galeao,1053693,Conus galeao,NA
1053693,1053694,Africonus galeao,1053693,Conus galeao,NA
1053693,848910,Conus (Lautoconus) claudiae,1053693,Conus galeao,NA
1053693,225104,Conus claudiae,1053693,Conus galeao,NA
1053693,224836,Conus damottai galeao,1053693,Conus galeao,NA
1376245,593475,Elacatinus rubrigenis,1376245,Tigrigobius rubrigenis,NA
1389965,302688,Chaetodon lanceolatus,1389965,Eques lanceolatus,NA
1389965,317866,Eques americanus,1389965,Eques lanceolatus,NA
1389965,317867,Eques balteatus,1389965,Eques lanceolatus,NA
1389965,159315,Equetus lanceolatus,1389965,Eques lanceolatus,NA
1419150,303187,Gobius melanosoma,1419150,Paragobiodon melanosoma,NA
1419150,219537,Paragobiodon melanosomus,1419150,Paragobiodon melanosoma,NA
1419150,713742,Paragobiodon melaosomus,1419150,Paragobiodon melanosoma,NA
1448888,NA,NA,NA,NA,"Error in parse_con(txt, bigint_as_char) : parse error: premature EOF
                                       
                     (right here) ------^

"
1461133,320944,Raia rhina,1461133,Beringraja rhina,NA
1461133,271581,Raja rhina,1461133,Beringraja rhina,NA
1461134,320922,Raia inornata,1461134,Beringraja inornata,NA
1461134,324317,Raia inornata inermis,1461134,Beringraja inornata,NA
1461134,271578,Raja inornata,1461134,Beringraja inornata,NA
1461134,1626642,Raja inornata inermis,1461134,Beringraja inornata,NA
1461134,298940,Raja jordani,1461134,Beringraja inornata,NA
1471766,275794,Halichoeres raisneri,1471766,Halichoeres inornatus,NA
1471766,320713,Pseudojulis inornatus,1471766,Halichoeres inornatus,NA
1471766,276705,Pseudojuloides inornatus,1471766,Halichoeres inornatus,NA
1471766,1623702,Sagittalarva inornata,1471766,Halichoeres inornatus,NA
1471766,1010074,Sagittalarva inornatus,1471766,Halichoeres inornatus,NA
1486838,276296,Synagrops microlepis,1486838,Kaperangus microlepis,NA
1486846,309425,Synagrops spinosa,1486846,Parascombrops spinosus,NA
1486846,159586,Synagrops spinosus,1486846,Parascombrops spinosus,NA
1486847,276299,Synagrops trispinosus,1486847,Caraibops trispinosus,NA
1486853,398281,Narcine ornata,1486853,Narcinops ornatus,NA
1486853,1486854,Narcinops ornata,1486853,Narcinops ornatus,NA
1486864,314544,Hazeus unisquamis,1486864,Trimma unisquame,NA
1486864,278517,Trimma unisquamis,1486864,Trimma unisquame,NA
1492614,1776519,Conus (Cylinder) aratispira,1492614,Conus aratispira,NA
1492614,1645127,Conus (Cylinder) kawamurai,1492614,Conus aratispira,NA
1492614,849834,Conus (Leptoconus) kawamurai,1492614,Conus aratispira,NA
1492614,428991,Conus kawamurai,1492614,Conus aratispira,NA
1492614,574469,Leptoconus kawamurai,1492614,Conus aratispira,NA
1493381,NA,NA,NA,NA,"Error in parse_con(txt, bigint_as_char) : parse error: premature EOF
                                       
                     (right here) ------^

"
1493382,NA,NA,NA,NA,"Error in parse_con(txt, bigint_as_char) : parse error: premature EOF
                                       
                     (right here) ------^

"
1493383,NA,NA,NA,NA,"Error in parse_con(txt, bigint_as_char) : parse error: premature EOF
                                       
                     (right here) ------^

"
1493384,NA,NA,NA,NA,"Error in parse_con(txt, bigint_as_char) : parse error: premature EOF
                                       
                     (right here) ------^

"
1493385,NA,NA,NA,NA,"Error in parse_con(txt, bigint_as_char) : parse error: premature EOF
                                       
                     (right here) ------^

"
1494217,NA,NA,NA,NA,"Error in parse_con(txt, bigint_as_char) : parse error: premature EOF
                                       
                     (right here) ------^

"
1495495,1623759,Pseudaesopia callizona,1495495,Zebrias callizona,NA
1495495,1495643,Synaptura callizona,1495495,Zebrias callizona,NA
1495518,1495665,Pseudophichthys macroporis,1495518,Bathycongrus macroporis,NA
1507449,279620,Anisotremus moricandi,1507449,Paranisotremus moricandi,NA
1507449,308597,Haemulon moricandi,1507449,Paranisotremus moricandi,NA
1507449,1619928,Pristipoma bicolor,1507449,Paranisotremus moricandi,NA
1507449,1619929,Pristipoma brasiliense,1507449,Paranisotremus moricandi,NA
1507449,1507447,Pristipoma trilineatum,1507449,Paranisotremus moricandi,NA
1509596,303795,Chelon melinopterus,1509596,Planiliza melinoptera,NA
1509596,312434,Ellochelon luciae,1509596,Planiliza melinoptera,NA
1509596,312435,Ellochelon melinoptera,1509596,Planiliza melinoptera,NA
1509596,303806,Liza ceramensis,1509596,Planiliza melinoptera,NA
1509596,218886,Liza luciae,1509596,Planiliza melinoptera,NA
1509596,402230,Liza melanoptera,1509596,Planiliza melinoptera,NA
1509596,218889,Liza melinoptera,1509596,Planiliza melinoptera,NA
1509596,402229,Liza melinopterus,1509596,Planiliza melinoptera,NA
1509596,303834,Mugil anpinensis,1509596,Planiliza melinoptera,NA
1509596,303852,Mugil ceramensis,1509596,Planiliza melinoptera,NA
1509596,303858,Mugil compressus,1509596,Planiliza melinoptera,NA
1509596,303907,Mugil melinopterus,1509596,Planiliza melinoptera,NA
1509596,1043425,Planiliza melinopterus,1509596,Planiliza melinoptera,NA
1524091,278408,Secutor hanedai,1524091,Deveximentum hanedai,NA
1524320,277603,Mesobius berryi,1524320,Mesovagus berryi,NA
1524491,276395,Dactyloscopus byersi,1524491,Dactyloscopus byersorum,NA
1524746,277382,Cheimerius matsubarai,1524746,Amamiichthys matsubarai,NA
1524875,323888,Alloconger shiroanago major,1524875,Ariosoma majus,NA
1524875,271724,Ariosoma major,1524875,Ariosoma majus,NA
1524875,323421,Ariosoma shiroanago major,1524875,Ariosoma majus,NA
1525053,593476,Elacatinus panamensis,1525053,Tigrigobius panamensis,NA
1525487,275871,Nannobrachium wisneri,1525487,Lampanyctus wisneri,NA
1525495,301598,Myctophum imperceptum,1525495,Dasyscopelus obtusirostris,NA
1525495,158904,Myctophum obtusirostre,1525495,Dasyscopelus obtusirostris,NA
1525495,301618,Myctophum obtusirostrum,1525495,Dasyscopelus obtusirostris,NA
1525495,323753,Myctophum pristilepis obtusirostre,1525495,Dasyscopelus obtusirostris,NA
1525496,301636,Myctophum selenoides,1525496,Dasyscopelus selenops,NA
1525496,126628,Myctophum selenops,1525496,Dasyscopelus selenops,NA
1525960,272726,Myctophum spinosum,1525960,Dasyscopelus spinosus,NA
1525960,217713,Myctophum spinosus,1525960,Dasyscopelus spinosus,NA
1525960,321325,Scopelus cuvieri,1525960,Dasyscopelus spinosus,NA
1525960,321371,Scopelus spinosus,1525960,Dasyscopelus spinosus,NA
1526188,279930,Bollmannia eigenmanni,1526188,Bollmannia eigenmannorum,NA
1526188,303035,Gobius eigenmanni,1526188,Bollmannia eigenmannorum,NA
1526188,1577895,Gobius eigenmannorum,1526188,Bollmannia eigenmannorum,NA
1526239,316139,Allanetta duodecimalis,1526239,Doboatherina duodecimalis,NA
1526239,299847,Atherina duodecimalis,1526239,Doboatherina duodecimalis,NA
1526239,400746,Atherinamorous duodecimalia,1526239,Doboatherina duodecimalis,NA
1526239,713165,Atherinomorous duodecimalis,1526239,Doboatherina duodecimalis,NA
1526239,217880,Atherinomorus duodecimalis,1526239,Doboatherina duodecimalis,NA
1526239,320553,Pranesus duodecimalis,1526239,Doboatherina duodecimalis,NA
1551089,402286,Chromis dimidata,1551089,Pycnochromis dimidiatus,NA
1551089,212823,Chromis dimidiata,1551089,Pycnochromis dimidiatus,NA
1551089,713450,Chromis dimidiate,1551089,Pycnochromis dimidiatus,NA
1551089,304150,Chromis dimidiatus,1551089,Pycnochromis dimidiatus,NA
1551089,218822,Heliastes dimidiatus,1551089,Pycnochromis dimidiatus,NA
1551095,304111,Abudefduf florulentus,1551095,Stegastes lacrymatus,NA
1551095,212882,Abudefduf lacrymatus,1551095,Stegastes lacrymatus,NA
1551095,312348,Glyphidodon florulentus,1551095,Stegastes lacrymatus,NA
1551095,312054,Glyphisodon lacrymatus,1551095,Stegastes lacrymatus,NA
1551095,312066,Glyphisodon nivosus,1551095,Stegastes lacrymatus,NA
1551095,402327,Plectoglyphidodon lacrymatus,1551095,Stegastes lacrymatus,NA
1551095,402326,Plectrogliphidodon lacrimatus,1551095,Stegastes lacrymatus,NA
1551095,212860,Plectroglyphidodon lacrymatus,1551095,Stegastes lacrymatus,NA
1551095,402328,Plectroglypidodon lacrymatus,1551095,Stegastes lacrymatus,NA
1565681,273718,Chromis cyanea,1565681,Azurina cyanea,NA
1565681,402285,Chromis cyaneus,1565681,Azurina cyanea,NA
1565681,318086,Furcaria cyanea,1565681,Azurina cyanea,NA
1565681,313030,Heliastes cyaneus,1565681,Azurina cyanea,NA
1571853,383854,Delphinus (Grampus) acutus,1571853,Leucopleurus acutus,NA
1571853,383603,Delphinus acutus,1571853,Leucopleurus acutus,NA
1571853,383839,Delphinus eschrichtii,1571853,Leucopleurus acutus,NA
1571853,383869,Delphinus leucopleurus,1571853,Leucopleurus acutus,NA
1571853,383943,Electra acuta,1571853,Leucopleurus acutus,NA
1571853,137100,Lagenorhynchus acutus,1571853,Leucopleurus acutus,NA
1571853,384021,Lagenorhynchus gubernator,1571853,Leucopleurus acutus,NA
1571853,384024,Lagenorhynchus leucopleurus,1571853,Leucopleurus acutus,NA
1571853,384029,Lagenorhynchus perspicillatus,1571853,Leucopleurus acutus,NA
1571853,384035,Leicopleurus arcticus,1571853,Leucopleurus acutus,NA
1571853,384036,Leucopleurus arcticus,1571853,Leucopleurus acutus,NA
1571884,383863,Delphinus (Grampus) obscurus,1571884,Sagmatias australis,NA
1571884,383820,Delphinus chilensis,1571884,Sagmatias australis,NA
1571884,383829,Delphinus cruciger,1571884,Sagmatias australis,NA
1571884,380492,Delphinus obscurus,1571884,Sagmatias australis,NA
1571884,383946,Electra clancula,1571884,Sagmatias australis,NA
1571884,383948,Electra cruciger,1571884,Sagmatias australis,NA
1571884,254980,Lagenorhynchus australis,1571884,Sagmatias australis,NA
1571884,383563,Lagenorhynchus cruciger,1571884,Sagmatias australis,NA
1571884,384023,Lagenorhynchus latifrons,1571884,Sagmatias australis,NA
1571884,384032,Lagenorhynchus supercillosus,1571884,Sagmatias australis,NA
1571884,380491,Lagenorhynchus wilsoni,1571884,Sagmatias australis,NA
1571884,384061,Phocaena australis,1571884,Sagmatias australis,NA
1571884,384064,Phocaena crucigera,1571884,Sagmatias australis,NA
1571884,384065,Phocaena d'orbignyi,1571884,Sagmatias australis,NA
1571884,380487,Phocoena australis,1571884,Sagmatias australis,NA
1571884,380489,Sagmatias amblodon,1571884,Sagmatias australis,NA
1571884,384177,Tursio chiloensis,1571884,Sagmatias australis,NA
1571909,383872,Delphinus longidens,1571909,Sagmatias obliquidens,NA
1571909,384025,Lagenorhynchus longidens,1571909,Sagmatias obliquidens,NA
1571909,254981,Lagenorhynchus obliquidens,1571909,Sagmatias obliquidens,NA
1571909,384027,Lagenorhynchus ognevi,1571909,Sagmatias obliquidens,NA
1575775,398357,Engraulis albidus,1575775,Engraulis maeoticus,NA
1575775,1568587,Engraulis encrasicholus maeoticus,1575775,Engraulis maeoticus,NA
1577311,835124,Acanthopagrus morrisoni,1577311,Acanthopagrus morrisonae,NA
1577312,403455,Acanthostracion poligonos,1577312,Acanthostracion polygonium,NA
1577312,403454,Acanthostracion polygonia,1577312,Acanthostracion polygonium,NA
1577312,158919,Acanthostracion polygonius,1577312,Acanthostracion polygonium,NA
1577312,308688,Lactophrys polygonia,1577312,Acanthostracion polygonium,NA
1577312,308689,Lactophrys polygonius,1577312,Acanthostracion polygonium,NA
1577312,308692,Lactophrys saxatilis,1577312,Acanthostracion polygonium,NA
1577313,277596,Amblyglyphidodon batunai,1577313,Amblyglyphidodon batunaorum,NA
1577314,273720,Chromis dispilus,1577314,Chromis dispila,NA
1577315,271909,Facciolella karreri,1577315,Facciolella karrerae,NA
1577316,323179,Kathetostoma albigutta cubana,1577316,Kathetostoma cubanum,NA
1577316,1577321,Kathetostoma albiguttum cubanum,1577316,Kathetostoma cubanum,NA
1577316,275991,Kathetostoma cubana,1577316,Kathetostoma cubanum,NA
1577324,271528,Bathyraja parmifera,1577324,Arctoraja parmifera,NA
1577324,298832,Bathyraja rosispinis,1577324,Arctoraja parmifera,NA
1577324,712956,Breviraja parmifera,1577324,Arctoraja parmifera,NA
1577324,320934,Raia obtusa,1577324,Arctoraja parmifera,NA
1577324,320937,Raia parmifera,1577324,Arctoraja parmifera,NA
1577324,320947,Raia rosispinis,1577324,Arctoraja parmifera,NA
1577324,1623766,Raja obtusa,1577324,Arctoraja parmifera,NA
1577324,298991,Raja parmifera,1577324,Arctoraja parmifera,NA
1577324,299013,Raja rosispinis,1577324,Arctoraja parmifera,NA
1577324,282593,Rhinoraja obtusa,1577324,Arctoraja parmifera,NA
1577329,1020317,Haemulon californiensis,1577329,Brachygenys californiensis,NA
1577329,315931,Xenichthys californiensis,1577329,Brachygenys californiensis,NA
1577329,283178,Xenistius californiensis,1577329,Brachygenys californiensis,NA
1577330,NA,NA,NA,NA,"Error in parse_con(txt, bigint_as_char) : parse error: premature EOF
                                       
                     (right here) ------^

"
1577338,276232,Acentronura australe,1577338,Idiotropiscis australis,NA
1577338,314681,Idiotropiscis australe,1577338,Idiotropiscis australis,NA
1577339,158551,Leucoraja erinacea,1577339,Leucoraja erinaceus,NA
1577339,320915,Raia erinacea,1577339,Leucoraja erinaceus,NA
1577339,298906,Raja erinacea,1577339,Leucoraja erinaceus,NA
1577339,298907,Raja erinaceus,1577339,Leucoraja erinaceus,NA
1577341,315151,Otolithoides perarmatus,1577341,Panna perarmata,NA
1577341,402002,Pama perarmata,1577341,Panna perarmata,NA
1577341,281988,Panna perarmatus,1577341,Panna perarmata,NA
1577341,321268,Sciaenoides cochinchinensis,1577341,Panna perarmata,NA
1577341,321272,Sciaenoides perarmatus,1577341,Panna perarmata,NA
1577342,319546,Negogaleus longicaudatus,1577342,Paragaleus longicaudatus,NA
1577342,271330,Paragaleus randalli,1577342,Paragaleus longicaudatus,NA
1577343,308595,Haemulon macrophthalmum,1577343,Parakuhlia macrophthalma,NA
1577343,315170,Parakuhlia boulengeri,1577343,Parakuhlia macrophthalma,NA
1577343,401819,Parakuhlia macrophtalmus,1577343,Parakuhlia macrophthalma,NA
1577343,282050,Parakuhlia macrophthalmus,1577343,Parakuhlia macrophthalma,NA
1577346,304254,Argyrosomus aneus,1577346,Pennahia aneus,NA
1577346,317402,Corvina macrophthalmus,1577346,Pennahia aneus,NA
1577346,318675,Johnieops aneus,1577346,Pennahia aneus,NA
1577346,309032,Johnius aneus,1577346,Pennahia aneus,NA
1577346,309054,Johnius resplendens,1577346,Pennahia aneus,NA
1577346,319910,Otolithus leuciscus,1577346,Pennahia aneus,NA
1577346,319912,Otolithus macrophthalmus,1577346,Pennahia aneus,NA
1577346,282195,Pennahia anea,1577346,Pennahia aneus,NA
1577346,1620824,Pennahia macrophthalamus,1577346,Pennahia aneus,NA
1577346,315224,Pennahia macrophthalmus,1577346,Pennahia aneus,NA
1577346,402009,Pennahia macropthalmus,1577346,Pennahia aneus,NA
1577346,1620825,Pennhia anea,1577346,Pennahia aneus,NA
1577346,320787,Pseudosciaena anea,1577346,Pennahia aneus,NA
1577346,402008,Pseudosciaena aneus,1577346,Pennahia aneus,NA
1577346,320797,Pseudosciaena macrophthalmus,1577346,Pennahia aneus,NA
1577346,402007,Sciaena aneus,1577346,Pennahia aneus,NA
1577346,304339,Sciaena macrophthalmus,1577346,Pennahia aneus,NA
1577347,313442,Damalichthys argyrosomus,1577347,Phanerodon vacca,NA
1577347,240725,Damalichthys vacca,1577347,Phanerodon vacca,NA
1577347,314288,Ditrema vacca,1577347,Phanerodon vacca,NA
1577347,313435,Embiotoca argyrosoma,1577347,Phanerodon vacca,NA
1577347,282576,Rhacochilus vacca,1577347,Phanerodon vacca,NA
1577349,474975,Diagramma centurio,1577349,Plectorhinchus centurio,NA
1577351,1043485,Pseudobatos glaucostigmus,1577351,Pseudobatos glaucostigma,NA
1577351,271596,Rhinobatos glaucostigma,1577351,Pseudobatos glaucostigma,NA
1577351,399684,Rhinobatos glaucostigmus,1577351,Pseudobatos glaucostigma,NA
1577351,321010,Rhinobatus glaucostigma,1577351,Pseudobatos glaucostigma,NA
1577352,1619767,Paraconodon orthopristis,1577352,Rhencus macracanthus,NA
1577352,1619768,Pomadasis burro,1577352,Rhencus macracanthus,NA
1577352,1534076,Pomadasys andrei,1577352,Rhencus macracanthus,NA
1577352,273508,Pomadasys macracanthus,1577352,Rhencus macracanthus,NA
1577352,1534078,Pristipoma andrei,1577352,Rhencus macracanthus,NA
1577352,320616,Pristipoma macracanthum,1577352,Rhencus macracanthus,NA
1577352,320617,Pristipoma macracanthus,1577352,Rhencus macracanthus,NA
1577353,401872,Pomadasis bayanus,1577353,Rhonciscus bayanus,NA
1577353,273501,Pomadasys bayanus,1577353,Rhonciscus bayanus,NA
1577353,303432,Pomadasys sinuosus,1577353,Rhonciscus bayanus,NA
1577356,1577388,Smaris alta,1577356,Spicara altum,NA
1577356,321550,Smaris altus,1577356,Spicara altum,NA
1577356,321559,Smaris macrophthalmus,1577356,Spicara altum,NA
1577356,273307,Spicara alta,1577356,Spicara altum,NA
1577357,321551,Smaris australis,1577357,Spicara australe,NA
1577357,221422,Spicara australis,1577357,Spicara australe,NA
1577358,312088,Caesio algoae,1577358,Spicara axillare,NA
1577358,312089,Caesio axillaris,1577358,Spicara axillare,NA
1577358,320875,Pterosmaris axillaris,1577358,Spicara axillare,NA
1577358,221421,Spicara axillaris,1577358,Spicara axillare,NA
1577359,321561,Smaris martinicus,1577359,Spicara martinicum,NA
1577359,273308,Spicara martinicus,1577359,Spicara martinicum,NA
1577360,1493902,Ophioscion gomezi,1577360,Stellifer gomezi,NA
1577361,318381,Hemirhombus guineensis,1577361,Syacium guineense,NA
1577361,403266,Syacium guineenis,1577361,Syacium guineense,NA
1577361,275838,Syacium guineensis,1577361,Syacium guineense,NA
1577363,127056,Oblada melanura,1577363,Oblada melanurus,NA
1577363,1620033,Oblado melanura,1577363,Oblada melanurus,NA
1577363,401904,Oblata melanura,1577363,Oblada melanurus,NA
1577363,305283,Sparus melanurus,1577363,Oblada melanurus,NA
1577364,NA,NA,NA,NA,"Error in parse_con(txt, bigint_as_char) : parse error: premature EOF
                                       
                     (right here) ------^

"
1580692,273712,Chromis atrilobata,1580692,Azurina atrilobata,NA
1592271,273714,Chromis bami,1592271,Pycnochromis bami,NA
1592279,273708,Chromis alleni,1592279,Pycnochromis alleni,NA
1592348,273732,Chromis intercrusma,1592348,Azurina intercrusma,NA
1592634,277408,Engyprosopon vanuatuensis,1592634,Engyprosopon vanuatuense,NA
1592637,277399,Engyprosopon marquisensis,1592637,Engyprosopon marquisense,NA
1592709,398682,Engyprosopon mozambiquensis,1592709,Engyprosopon mozambiquense,NA
1592726,273704,Chromis abrupta,1592726,Pycnochromis abruptus,NA
1592727,273723,Chromis fatuhivae,1592727,Pycnochromis fatuhivae,NA
1592822,277404,Engyprosopon raoulensis,1592822,Engyprosopon raoulense,NA
1592849,277389,Engyprosopon bellonaensis,1592849,Engyprosopon bellonaense,NA
1593660,273716,Chromis caudalis,1593660,Pycnochromis caudalis,NA
1593661,273719,Chromis delta,1593661,Pycnochromis delta,NA
1593662,273726,Chromis flavipectoralis,1593662,Pycnochromis flavipectoralis,NA
1595331,758251,Ctenophyllia danae,1595331,Meandrina danai,NA
1595331,1371428,Ctenophyllia fissa,1595331,Meandrina danai,NA
1595331,758252,Meandrina danae,1595331,Meandrina danai,NA
1595331,1371423,Meandrina meandrites f. danae,1595331,Meandrina danai,NA
1595331,893238,Meandrina meandrites f. danai,1595331,Meandrina danai,NA
1595331,1849312,Pectinia danae,1595331,Meandrina danai,NA
1595331,1440912,Pectinia danai,1595331,Meandrina danai,NA
1605252,320731,Pseudopomacentrus gascoynei,1605252,Plectroglyphidodon gascoynei,NA
1605252,276670,Stegastes gascoynei,1605252,Plectroglyphidodon gascoynei,NA
1605265,277393,Engyprosopon hawaiiensis,1605265,Engyprosopon hawaiiense,NA
1605266,305572,Arnoglossus maculipinnis,1605266,Engyprosopon maldivense,NA
1605266,1623162,Engyprosopon borneense,1605266,Engyprosopon maldivense,NA
1605266,310679,Engyprosopon borneensis,1605266,Engyprosopon maldivense,NA
1605266,310684,Engyprosopon macroptera,1605266,Engyprosopon maldivense,NA
1605266,310685,Engyprosopon maculipinnis,1605266,Engyprosopon maldivense,NA
1605266,277398,Engyprosopon maldivensis,1605266,Engyprosopon maldivense,NA
1605266,321231,Scaeops maldivensis,1605266,Engyprosopon maldivense,NA
1605267,219806,Engyprosopon natalensis,1605267,Engyprosopon natalense,NA
1605271,NA,NA,NA,NA,"Error in parse_con(txt, bigint_as_char) : parse error: premature EOF
                                       
                     (right here) ------^

"
1605272,NA,NA,NA,NA,"Error in parse_con(txt, bigint_as_char) : parse error: premature EOF
                                       
                     (right here) ------^

"
1605274,316051,Adioryx vexillarius,1605274,Neoniphon vexillarium,NA
1605274,318542,Holocentrum vexillarium,1605274,Neoniphon vexillarium,NA
1605274,309183,Holocentrus vexillarius,1605274,Neoniphon vexillarium,NA
1605274,159401,Sargocentron vexillarium,1605274,Neoniphon vexillarium,NA
1605274,400895,Sargocentron vexillarius,1605274,Neoniphon vexillarium,NA
1605276,1493215,Astronesthes barbatus,1605276,Astronesthes barbata,NA
1605280,323264,Carangoides ferdau jordani,1605280,Ferdauia orthogrammus,NA
1605280,324149,Carangoides gymnostethoides evermanni,1605280,Ferdauia orthogrammus,NA
1605280,1626076,Carangoides gymnosthethoides evermanni,1605280,Ferdauia orthogrammus,NA
1605280,309282,Carangoides jordani,1605280,Ferdauia orthogrammus,NA
1605280,309284,Carangoides nitidus,1605280,Ferdauia orthogrammus,NA
1605280,218393,Carangoides orthogrammus,1605280,Ferdauia orthogrammus,NA
1605280,1577755,Carangoides orthogrammuus,1605280,Ferdauia orthogrammus,NA
1605280,1577756,Carangoides othogrammus,1605280,Ferdauia orthogrammus,NA
1605280,302409,Caranx orthogrammus,1605280,Ferdauia orthogrammus,NA
1605303,275383,Arothron leopardus,1605303,Chelonodontops leopardus,NA
1605303,713857,Tetraodon leopardus,1605303,Chelonodontops leopardus,NA
1605303,321870,Tetrodon leopardus,1605303,Chelonodontops leopardus,NA
1605305,304101,Abudefduf bimaculatus,1605305,Pycnochromis amboinensis,NA
1605305,713449,Chromis amboiensis,1605305,Pycnochromis amboinensis,NA
1605305,273711,Chromis amboinensis,1605305,Pycnochromis amboinensis,NA
1605305,304158,Chromis fragoris,1605305,Pycnochromis amboinensis,NA
1605305,318186,Gliphidodon bimaculatus,1605305,Pycnochromis amboinensis,NA
1605305,312344,Glyphidodon bimaculatus,1605305,Pycnochromis amboinensis,NA
1605305,1622541,Glyphisodon bimaculatus,1605305,Pycnochromis amboinensis,NA
1605305,312675,Heliases amboinensis,1605305,Pycnochromis amboinensis,NA
1605306,273713,Chromis atripes,1605306,Pycnochromis atripes,NA
1605313,273721,Chromis elerae,1605313,Azurina elerae,NA
1609822,382837,Enoplometopus macrodontus,1609822,Hoplometopus macrodontus,NA
1611043,383096,Araeosternus wieneckii,1611043,Phyllamphion elegans,NA
1611043,383020,Palinurellus gundlachi wieneckii,1611043,Phyllamphion elegans,NA
1611043,210069,Palinurellus wieneckii,1611043,Phyllamphion elegans,NA
1611044,382887,Palinurellus gundlachi,1611044,Phyllamphion gundlachi,NA
1611044,1596882,Synaxes hybridica,1611044,Phyllamphion gundlachi,NA
1611577,1611579,Coluber haje,1611577,Naja haje,NA
1617333,287703,Montipora cryptus,1617333,Montipora crypta,NA
1623786,304146,Chromis cautus,1623786,Azurina multilineata,NA
1623786,304175,Chromis marginata,1623786,Azurina multilineata,NA
1623786,273743,Chromis multilineata,1623786,Azurina multilineata,NA
1623786,402292,Chromis multilineatus,1623786,Azurina multilineata,NA
1623786,318087,Furcaria puncta,1623786,Azurina multilineata,NA
1623786,312681,Heliases marginata,1623786,Azurina multilineata,NA
1623786,312682,Heliases multilineatus,1623786,Azurina multilineata,NA
1623786,313035,Heliastes marginata,1623786,Azurina multilineata,NA
1623786,313036,Heliastes marginatus,1623786,Azurina multilineata,NA
1623786,319750,Onychognathus cautus,1623786,Azurina multilineata,NA
1653867,382877,Thymopsis nilenta,1653867,Thymops nilenta,NA
1667998,1007177,Chriolepis bilix,1667998,Pinnichthys bilix,NA
1668000,281904,Ophioscion punctatissimus,1668000,Stellifer punctatissimus,NA
1701441,754326,Continuconus estivali,1701441,Profundiconus estivali,NA
1701441,848172,Conus (Klemaeconus) estivali,1701441,Profundiconus estivali,NA
1701441,426488,Conus estivali,1701441,Profundiconus estivali,NA
1701441,577391,Kioconus estivali,1701441,Profundiconus estivali,NA
1727490,382987,Polycheles martini,1727490,Dianecheles martini,NA
1727493,383195,Pentacheles enthrix,1727493,Neopolycheles enthrix,NA
1727493,382985,Polycheles enthrix,1727493,Neopolycheles enthrix,NA
1727494,382982,Polycheles amemiyai,1727494,Neopolycheles amemiyai,NA
1727495,382986,Polycheles kermadecensis,1727495,Neopolycheles kermadecensis,NA
1727495,383196,Stereomastis kermadecensis,1727495,Neopolycheles kermadecensis,NA
1751396,300595,Engraulis chefuensis,1751396,Thrissina chefuensis,NA
1751396,300625,Engraulis koreanus,1751396,Thrissina chefuensis,NA
1751396,275551,Thryssa chefuensis,1751396,Thrissina chefuensis,NA
1751406,1751401,Carangoides compressus,1751406,Craterognathus plagiotaenia,NA
1751406,218399,Carangoides plagiotaenia,1751406,Craterognathus plagiotaenia,NA
1751406,302317,Caranx brevicarinatus,1751406,Craterognathus plagiotaenia,NA
1751406,401575,Caranx compressus,1751406,Craterognathus plagiotaenia,NA
1751406,302422,Caranx plagiotaenia,1751406,Craterognathus plagiotaenia,NA
1751406,302453,Caranx vomerinus,1751406,Craterognathus plagiotaenia,NA
1758486,304682,Anthias ventralis,1758486,Compsanthias ventralis,NA
1758486,324044,Anthias ventralis ventralis,1758486,Compsanthias ventralis,NA
1758486,293718,Pseudanthias ventralis,1758486,Compsanthias ventralis,NA
1758486,277487,Pseudanthias ventralis ventralis,1758486,Compsanthias ventralis,NA
1758487,324043,Anthias ventralis hawaiiensis,1758487,Compsanthias hawaiiensis,NA
1758487,1012511,Pseudanthias hawaiiensis,1758487,Compsanthias hawaiiensis,NA
1758487,293719,Pseudanthias ventralis hawaiiensis,1758487,Compsanthias hawaiiensis,NA
1770896,304608,Anthias bicolor,1770896,Nemanthias bicolor,NA
1770896,312502,Mirolabrichthys bicolor,1770896,Nemanthias bicolor,NA
1770896,218276,Pseudanthias bicolor,1770896,Nemanthias bicolor,NA
1779369,302498,Selene oerstedi,1779369,Paraselene orstedii,NA
1779369,302499,Selene oerstedii,1779369,Paraselene orstedii,NA
1779369,273285,Selene orstedii,1779369,Paraselene orstedii,NA
1779369,322380,Vomer oerstedii,1779369,Paraselene orstedii,NA
1779369,322381,Vomer orstedii,1779369,Paraselene orstedii,NA
1780401,398634,Didogobius wirtzi,1780401,Peter wirtzi,NA
1780403,398633,Didogobius amicuscaridis,1780403,Peter amicuscaridis,NA
