sciname_match,aphia_id,sciname_query
Malaclemys terrapin,422564,Malaclemys terrapin
Ostorhinchus lateralis,712667,Ostorhinchus lateralis
NA,NA,Corbicula fluminea
Potamopyrgus antipodarum,147123,Potamopyrgus antipodarum
Sepiola parva,342203,Sepiola parva
Sepia baxteri,342117,Sepia baxteri
Sepiadarium kochii,342391,Sepiadarium kochi
Euprymna phenax,342319,Euprymna phenax
Sepia bartletti,342115,Sepia bartletti
Idiosepius notoides,342342,Idiosepius notoides
Sepietta petersii,342200,Sepietta petersi
Sepiola birostrata,342201,Sepiola birostrata
Sepiola aurantiaca,141455,Sepiola aurantiaca
Sepiola ligulata,141457,Sepiola ligulata
Sepiola pfefferi,342204,Sepiola pfefferi
NA,NA,Sepia appellofi
Sepiola trirostrata,342206,Sepiola trirostrata
Sepiola knudseni,342202,Sepiola knudseni
Thaumeledone rotunda,325341,Thaumeledone rotunda
NA,NA,Tetracheledone spinicirrus
Mastigoteuthis cordiformis,341896,Mastigoteuthis cordiformis
Octopus huttoni,414140,Octopus huttoni
Muusoctopus normani,527158,Muusoctopus normani
Mastigoteuthis famelica,410374,Mastigoteuthis famelica
Grimalditeuthis bonplandii,238742,Grimalditeuthis bonplandi
Uroteuthis duvaucelii,410411,Uroteuthis duvauceli
Octopus campbelli,341959,Octopus campbelli
Macrotritopus scorpio,534534,Macrotritopus scorpio
Doryteuthis pleii,574543,Doryteuthis plei
Argonauta nodosa,225565,Argonauta nodosa
Uroteuthis pickfordi,955771,Uroteuthis pickfordi
Ancistrocheirus lesueurii,138747,Ancistrocheirus lesueuri
Abraliopsis morisii,237819,Abraliopsis morisi
Octopus mercatoris,341997,Octopus mercatoris
NA,NA,Mastigoteuthis atlantica
Robsonella fontanianus,1046168,Robsonella fontanianus
Ancistroteuthis lichtensteinii,140647,Ancistroteuthis lichtensteini
NA,NA,Cirroctopus antarctica
NA,NA,Enteroctopus californicus
NA,NA,Argonauta cornuta
Octopus mernoo,341998,Octopus mernoo
NA,NA,Scaergus patagiatus
Onykia ingens,410381,Onykia ingens
Mastigoteuthis pyrodes,341905,Mastigoteuthis pyrodes
Eogonatus tinro,342312,Eogonatus tinro
NA,NA,Octopus olivieri
Callimachus rancureli,550404,Callimachus rancureli
Liocranchia reinhardti,559381,Liocranchia reinhardti
NA,NA,Cycloteuthis serventyi
NA,NA,Histioteuthis machrohista
NA,NA,Alluroteuthis antarctica
Allonautilus perforatus,342268,Allonautilus perforatus
Callistoctopus kermadecensis,535757,Callistoctopus kermadecensis
Octopus filosus,341972,Octopus filosus
NA,NA,Scaergus unicirrhus
Mastigoteuthis magna,238750,Mastigoteuthis magna
Mastigoteuthis hjorti,341900,Mastigoteuthis hjorti
NA,NA,Octopus hawiiensis
Octopus leioderma,341991,Octopus leioderma
Argonauta boettgeri,225567,Argonauta boettgeri
Mastigoteuthis danae,341897,Mastigoteuthis danae
NA,NA,Enteroctopus conispadiceus
NA,NA,Mastigoteuthis glaukopsis
Kondakovia longimana,325308,Kondakovia longimana
NA,NA,Batagur borneoensis
Bolboschoenus maritimus,416203,Bolboschoenus maritimus
NA,NA,Pelochelys cantorii
NA,NA,Pelochelys bibroni
Vitta adansoniana,1325980,Vitta adansoniana
NA,NA,Septaria borbonica
Assiminea latericea,1023440,Assiminea latericea
Zenarchopterus striga,277919,Zenarchopterus striga
Polymesoda bengalensis,761285,Polymesoda bengalensis
Cheimerius matsubarai,277382,Cheimerius matsubarai
NA,NA,Pelochelys signifera
NA,NA,Scaphula pinna
Batissa similis,574115,Batissa similis
Neosolen aquaedulcioris,413637,Neosolen aquaedulcioris
Sermyla riquetii,757054,Sermyla riqueti
Chiroteuthis veranyi,760247,Chiroteuthis veranyi
Mastigoteuthis microlucens,410376,Mastigoteuthis microlucens
Mastigoteuthis tyroi,410377,Mastigoteuthis tyroi
NA,NA,Fowlea punctulata
Zebrasoma veliferum,219684,Zebrasoma veliferum
Forsterygion gymnota,713619,Forsterygion gymnota
Blennodon dorsale,279920,Blennodon dorsale
NA,NA,Kraussia kirkii
NA,NA,Agelanthus kayseri
NA,NA,Pseudostichopus aemaulatus
Holothuria flavocastanea,210878,Holothuria flavocastanea
NA,NA,Holothuria coronopertusa
NA,NA,Holothuria rowei
NA,NA,Holothuria erinaceaus
NA,NA,Holothuria floridana
NA,NA,Holothuria dura
NA,NA,Holothuria fuligina
NA,NA,Holothuria vemae
NA,NA,Holothuria multipilula
NA,NA,Holothuria duoturricula
NA,NA,Holothuria kefersteinii
NA,NA,Holothuria zihuatanensis
NA,NA,Holothuria foresti
Paroriza prohoi,124580,Paroriza prohoi
NA,NA,Holothuria cavans
NA,NA,Holothuria tripilata
NA,NA,Holothuria crosnieri
Bohadschia tenuissima,210769,Bohadschia tenuissima
Stichopus mollis,242056,Stichopus mollis
NA,NA,Holothuria annulifera
Mesothuria expectans,124567,Mesothuria expectans
NA,NA,Holothuria horrida
Bathyplotes tizardi,124555,Bathyplotes tizardi
NA,NA,Holothuria unica
NA,NA,Holothuria vittalonga
NA,NA,Mesothuria abberviata
Stichopus paradoxus,242059,Stichopus paradoxus
NA,NA,Mesothuria connectens
NA,NA,Holothuria granosa
Holothuria exilis,732232,Holothuria exilis
NA,NA,Holothuria albofusca
Neostichopus mollis,241930,Neostichopus mollis
Mesothuria triradiata,124575,Mesothuria triradiata
Parastichopus nigripunctatus,1731996,Parastichopus nigripunctatus
NA,NA,Holothuria dicorona
Bohadschia similis,210761,Bohadschia similis
Holothuria chilensis,529266,Holothuria chilensis
Holothuria papillifera,732372,Holothuria papillifera
NA,NA,Holothuria conusalba
NA,NA,Holothuria milloti
NA,NA,Holothuria fuscorubra
NA,NA,Holothuria tortonesei
NA,NA,Holothuria bacilla
NA,NA,Holothuria excellens
NA,NA,Holothuria asperita
Parastichopus californicus,711954,Parastichopus californicus
NA,NA,Holothuria rigida
NA,NA,Holothuria stocki
Holothuria sulcata,847980,Holothuria sulcata
Zygothuria candelabri,816799,Mesothuria candelabra
Bathyplotes spuma,174118,Bathyplotes spuma
NA,NA,Mesothuria lactea
NA,NA,Holothuria parvula
NA,NA,Holothuria sinica
Synallactes angustus,242066,Synallactes angustus
Holothuria riojai,529514,Holothuria riojai
NA,NA,Holothuria mactanensis
NA,NA,Holothuria thomasi
NA,NA,Holothuria turriscelsa
Pseudostichopus occultatus,124587,Pseudostichopus occulatatus
Synallactes crebrapapilla,242067,Synallactes crebrapapilla
NA,NA,Holothuria dakarensis
NA,NA,Holothuria mammosa
Protosalanx chinensis,315354,Protosalanx chinensis
NA,NA,Cynoglossus feldmanni
NA,NA,Minyclupeoides dentibranchialus
Arius gigas,275573,Arius gigas
NA,NA,Atherinella crystallina
Morrisonietta gracilis,1326200,Morrisonietta gracilis
Stenothyra labiata,820053,Stenothyra labiata
Stenothyra glabrata,820059,Stenothyra glabrata
NA,NA,Gyraulus hubendicki
Iravadia reticulata,607237,Iravadia reticulata
Stenothyra schlickumi,820061,Stenothyra schlickumi
Morrisonietta krungtepensis,1326197,Morrisonietta krungtepensis
Stenothyra prasongi,820066,Stenothyra prasongi
NA,NA,Rehderiella parva
Stenothyra maculata,820062,Stenothyra maculata
Stenothyra hardouini,820067,Stenothyra hardouini
Auriculastra elongata,1468520,Auriculastra elongata
Stenothyra cyrtochila,820057,Stenothyra cyrtochila
Stenothyra acuta,820058,Stenothyra acuta
NA,NA,Clenchiella microscopica
Iravadia rohdei,607266,Iravadia rohdei
Iravadia cochinchinensis,607263,Iravadia cochinchinensis
Eucinostomus lefroyi,159734,Eucinostomus lefroyi
Psilotris batrachodes,282490,Psilotris batrachodes
Psilotris celsus,282492,Psilotris celsus
Psilotris amblyrhynchus,282489,Psilotris amblyrhynchus
Varicus imswe,283136,Varicus imswe
NA,NA,Sicydium punctatum
Moolgarda seheli,309766,Moolgarda seheli
Moolgarda buchanani,309760,Moolgarda buchanani
Yongeichthys nebulosus,219605,Yongeichthys nebulosus
NA,NA,Leporinus copelandii
NA,NA,Stictorhinus potamius
NA,NA,Phalloptychus iheringii
NA,NA,Megaleporinus conirostris
NA,NA,Jenynsia lineata
NA,NA,Atlantirivulus jurubatibensis
NA,NA,Schizodon jacuiensis
NA,NA,Paragenidens grandoculis
NA,NA,Leporinus piau
NA,NA,Hypomasticus mormyrops
NA,NA,Pseudobagarius similis
Sillaginopsis domina,315632,Sillaginopsis domina
NA,NA,Amblypomacentrus kuiteri
Abudefduf luridus,126999,Abudefduf luridus
NA,NA,Amblypomacentrus tricinctus
Stegastes trindadensis,276686,Stegastes trindadensis
Amblypomacentrus annulatus,1865534,Amblypomacentrus annulatus
NA,NA,Assiminea borneensis
Melanopsis trifasciata,581167,Melanopsis trifasciata
Laevicaspia caspia,1332981,Laevicaspia caspia
NA,NA,Heleobops docima
Neritina granosa,737527,Neritina granosa
Sepia ramani,438903,Sepia ramani
Ariopsis assimilis,308392,Ariopsis assimilis
Notarius quadriscutis,713067,Notarius quadriscutis
Astroscopus y-graecum,1621411,Astroscopus y-graecum
Asperoteuthis nesisi,456797,Asperoteuthis nesisi
Kondakovia nigmatullini,548889,Kondakovia nigmatullini
Atractosteus spatula,279822,Atractosteus spatula
Lepisosteus oculatus,275402,Lepisosteus oculatus
NA,NA,Atherinella alvarezi
NA,NA,Batrachoides goldmani
Anableps dowei,1567201,Anableps dowei
Jordanella pulchra,314714,Jordanella pulchra
NA,NA,Enteroctopus hongkongensis
NA,NA,Gambusia yucatana
NA,NA,Poecilia butleri
Poecilia kykesis,1009772,Poecilia kykesis
Conus biancae,553037,Conus biancae
Conus luquei,224933,Conus luquei
Conus melissae,429016,Conus melissae
Conus caillaudii,426438,Conus caillaudi
Conus fantasmalis,224869,Conus fantasmalis
Conus hypochlorus,429608,Conus hypochlorus
Conus serranegrae,225050,Conus serranegrae
Conus evorai,224867,Conus evorai
Conus speciosissimus,429443,Conus speciosissimus
Conus exquisitus,429440,Conus exquisitus
Conus claudiae,225104,Conus claudiae
Conus derrubado,224852,Conus derrubado
Conus largilliertii,429839,Conus largillierti
Conus taslei,428380,Conus taslei
Conus atlanticoselvagem,225092,Conus atlanticoselvagem
Conus phuketensis,429715,Conus phuketensis
Conus teodorae,225059,Conus teodorae
Conus fontonae,224874,Conus fontonae
Conus sazanka,430177,Conus sazanka
Conus salreiensis,225042,Conus salreiensis
Conus mordeirae,224999,Conus mordeirae
Conus olgae,456808,Conus olgae
Conus subulatus,429913,Conus subulatus
Conus hybridus,224278,Conus hybridus
Conus messiasi,224974,Conus messiasi
Conus pineaui,224315,Conus pineaui
Conus sanderi,428349,Conus sanderi
Conus crioulus,225110,Conus crioulus
Conus irregularis,224901,Conus irregularis
Conus gabryae,429100,Conus gabryae
NA,NA,Vieja fenestrata
Vieja maculicauda,283148,Vieja maculicauda
Gobionellus hastatus,309549,Gobionellus hastatus
Sicydium gymnogaster,282777,Sicydium gymnogaster
Callogobius productus,1871568,Callogobius productus
Hazeus nephodes,314543,Hazeus nephodes
Paragobiodon melanosomus,219537,Paragobiodon melanosomus
Trimma unisquamis,278517,Trimma unisquamis
Paragobiodon xanthosomus,277618,Paragobiodon xanthosomus
Stonogobiops xanthorhinica,1593962,Stonogobiops xanthorhinica
Siphamia versicolor,277710,Siphamia versicolor
NA,NA,Pristiapogon taeniophorus
NA,NA,Yongeichthys suluensis
NA,NA,Ostracion cyanurum
Ostracion nasus,219906,Ostracion nasus
Acanthostracion guineensis,1577400,Acanthostracion guineensis
Pterothrissus belloci,282504,Pterothrissus belloci
NA,NA,Gobiosoma schultzi
Apogon amboinensis,272971,Apogon amboinensis
NA,NA,Akihito futuna
NA,NA,Akihito vanuatu
NA,NA,Lentipes kaaea
NA,NA,Lentipes rubrofasciatus
NA,NA,Lentipes solomonensis
NA,NA,Schismatogobius fuligimentus
NA,NA,Schismatogobius vanuatuensis
NA,NA,Schismatogobius vitiensis
NA,NA,Sicyopterus aiensis
NA,NA,Sicyopterus marquesensis
NA,NA,Sicyopterus ouwensi
NA,NA,Sicyopterus pugnans
NA,NA,Sicyopterus sarasini
NA,NA,Smilosicyopus bitaeniatus
NA,NA,Smilosicyopus chloe
NA,NA,Smilosicyopus sasali
NA,NA,Stenogobius caudimaculosus
NA,NA,Stenogobius keletaona
NA,NA,Stenogobius marqueti
NA,NA,Stenogobius randalli
NA,NA,Stenogobius squamosus
NA,NA,Stiphodon astilbos
NA,NA,Stiphodon birdsong
NA,NA,Stiphodon discotorquatus
NA,NA,Stiphodon hydroreibatus
NA,NA,Stiphodon julieni
NA,NA,Stiphodon kalfatak
NA,NA,Stiphodon mele
NA,NA,Stiphodon rubromaculatus
NA,NA,Stiphodon sapphirinus
NA,NA,Stiphodon tuivi
NA,NA,Kuhlia malo
NA,NA,Moolgarda heterocheilos
NA,NA,Lamnostoma mindora
Lamnostoma orientalis,1621414,Lamnostoma orientalis
Lamnostoma polyophthalma,277380,Lamnostoma polyophthalma
NA,NA,Hippichthys albomaculosus
NA,NA,Microphis cruentus
Fundulus xenica,1577884,Fundulus xenica
NA,NA,Cathorops agassizii
NA,NA,Cathorops arenatus
Doiichthys novaeguineae,317792,Doiichthys novaeguineae
Liza grandisquamis,273640,Liza grandisquamis
Notarius rugispinis,344677,Notarius rugispinis
Cheimarrichthys fosteri,1621607,Cheimarrichthys fosteri
NA,NA,Macrobrachium novaehollandiae
NA,NA,Halopyrgus pagodulus
Halopyrgus pupoides,821054,Halopyrgus pupoides
Potamopyrgus estuarinus,598617,Potamopyrgus estuarinus
Potamopyrgus kaitunuparaoa,821094,Potamopyrgus kaitunuparaoa
Congriscus megastomus,1621426,Congriscus megastomus
Ophichthus hijala,1623721,Ophichthus hijala
Ariosoma major,271724,Ariosoma major
Ichthyapus keramanus,1805597,Ichthyapus keramanus
Leptocephalus congroides,281315,Leptocephalus congroides
Ostrea imputata,506722,Ostrea imputata
Bathymodiolus marisindicus,457557,Bathymodiolus marisindicus
NA,NA,Stiphodon oatea
NA,NA,Smilosicyopus pentecost
NA,NA,Batagur baska
NA,NA,Carettochelys insculpta
Dipturus leptocaudus,298838,Dipturus leptocaudus
NA,NA,Crocodylus niloticus
Dipturus trachydermus,298841,Dipturus trachydermus
NA,NA,Heteropoma fulva
NA,NA,Heteropoma glabratum
NA,NA,Heteropoma pyramis
NA,NA,Heteropoma quadrasi
NA,NA,Heteropoma tuberculatum
NA,NA,Heteropoma turritum
Latiaxis babelis,156189,Latiaxis babelis
NA,NA,Laticauda crockeri
NA,NA,Planiliza luciae
Mesonerilla prospera,413174,Mesonerilla prospera
Muricopsis mariangelae,405030,Muricopsis mariangelae
NA,NA,Muricopsis matildae
Myxus capensis,218897,Myxus capensis
NA,NA,Duritropis albocarinata
NA,NA,Omphalotropis carolinensis
NA,NA,Omphalotropis cookei
NA,NA,Omphalotropis elegans
NA,NA,Omphalotropis elongatula
NA,NA,Omphalotropis erosa
NA,NA,Omphalotropis fragilis
NA,NA,Omphalotropis gracilis
NA,NA,Omphalotropis guamensis
NA,NA,Omphalotropis howeinsulae
NA,NA,Omphalotropis laevigata
NA,NA,Omphalotropis laticosta
NA,NA,Omphalotropis latilabris
NA,NA,Omphalotropis mutica
NA,NA,Omphalotropis ochthogyra
NA,NA,Omphalotropis picta
NA,NA,Omphalotropis pilosa
NA,NA,Omphalotropis quadrasi
NA,NA,Omphalotropis semicostulata
NA,NA,Omphalotropis striatapila
NA,NA,Omphalotropis submaritima
NA,NA,Omphalotropis suturalis
NA,NA,Omphalotropis tumidula
NA,NA,Omphalotropis plicosa
NA,NA,Omphalotropis hieroglyphica
Cymodocea nodosa,145793,Cymodocea nodosa
NA,NA,Zostera marina
NA,NA,Pacifastacus leniusculus
Apogon sealei,273095,Apogon sealei
Apogon semilineatus,273097,Apogon semilineatus
Apogon compressus,272999,Apogon compressus
Apogon neotes,273053,Apogon neotes
Apogon notatus,273057,Apogon notatus
Apogon margaritophorus,273039,Apogon margaritophorus
Apogon rubrimacula,273090,Apogon rubrimacula
NA,NA,Sicydium plumieri
Apogon wassinki,273117,Apogon wassinki
Centropyge loricula,278841,Centropyge loricula
Clathrocaspia gmelinii,1332957,Clathrocaspia gmelinii
NA,NA,Eupaludestrina maltzani
NA,NA,Mercuria baudoniana
NA,NA,Ecrobia vitrea
Eupaludestrina macei,1457262,Eupaludestrina macei
Ecrobia ventrosa,238104,Ecrobia ventrosa
Hydrobia acuta,140123,Hydrobia acuta
Eupaludestrina dalmatica,1457257,Eupaludestrina dalmatica
Eupaludestrina stagnorum,1457275,Eupaludestrina stagnorum
Eupaludestrina rausiana,1457267,Eupaludestrina rausiana
Paradoxa confirmata,405075,Paradoxa confirmata
Paradoxa thomensis,405076,Paradoxa thomensis
Ruppia cirrhosa,416218,Ruppia cirrhosa
Ruppia maritima,234031,Ruppia maritima
Roa modestus,298144,Roa modestus
Centropyge interruptus,278839,Centropyge interruptus
NA,NA,Takifugu orbimaculatus
Neritina violacea,549376,Neritina violacea
Assiminea beddomeana,1308265,Assiminea beddomeana
Iravadia ornata,535656,Iravadia ornata
Gangetia miliacea,767299,Gangetia miliacea
Neritina sulculosa,756949,Neritina sulculosa
Tanysiphon rivalis,505779,Tanysiphon rivalis
Stenothyra deltae,716231,Stenothyra deltae
Scaphula deltae,504463,Scaphula deltae
Assiminea theobaldiana,717008,Assiminea theobaldiana
Stenothyra ornata,1430037,Stenothyra ornata
Clithon reticulare,873608,Clithon reticulare
Neritina smithii,818769,Neritina smithi
NA,NA,Thiara paludomoidea
Assiminea hungerfordiana,1452411,Assiminea hungerfordiana
Assiminea brevicula,716989,Assiminea brevicula
Nerita articulata,818075,Nerita articulata
Stenothyra soluta,1430038,Stenothyra soluta
Assiminea microsculpta,1308275,Assiminea microsculpta
Stenothyra blanfordiana,1451861,Stenothyra blanfordiana
Novaculina gangetica,536678,Novaculina gangetica
Stenothyra nana,820068,Stenothyra nana
NA,NA,Ayarnangra estuarius
Acanthus ilicifolius,344740,Acanthus ilicifolius
Halophila ovalis,208930,Halophila ovalis
Tridentiger kuroiwae,298283,Tridentiger kuroiwae
Jasus tristani,246525,Jasus tristani
Justitia longimanus,421859,Justitia longimanus
NA,NA,Palinustus mossamicus
Neritina platyconcha,754622,Neritina platyconcha
Stenothyra monilifera,820049,Stenothyra monilifera
Halophila stipulacea,145714,Halophila stipulacea
Phyllospadix torreyi,374709,Phyllospadix torreyi
Posidonia kirkmanii,374730,Posidonia kirkmanii
Heterozostera chilensis,669497,Heterozostera chilensis
NA,NA,Ruppia polycarpa
Halophila johnsonii,374724,Halophila johnsonii
Halophila euphlebia,377114,Halophila euphlebia
Halophila sulawesii,1361076,Halophila sulawesii
Halodule pinifolia,626404,Halodule pinifolia
Halodule uninervis,208924,Halodule uninervis
Halodule beaudettei,208923,Halodule beaudettei
Halophila tricostata,374726,Halophila tricostata
Enhalus acoroides,208932,Enhalus acoroides
Syringodium isoetifolium,374716,Syringodium isoetifolium
Posidonia australis,374712,Posidonia australis
Halodule ciliata,377178,Halodule ciliata
NA,NA,Zostera caulescens
Posidonia angustifolia,374711,Posidonia angustifolia
Halophila engelmannii,374722,Halophila engelmanni
Halophila hawaiiana,374723,Halophila hawaiiana
Zostera asiatica,374699,Zostera asiatica
Cymodocea angustata,374728,Cymodocea angustata
Phyllospadix japonicus,374706,Phyllospadix japonicus
Halophila beccarii,208929,Halophila beccarii
Halophila spinulosa,374725,Halophila spinulosa
Phyllospadix iwatensis,374705,Phyllospadix iwatensis
NA,NA,Zostera geojeensis
Thalassia testudinum,374720,Thalassia testudinum
Halodule emarginata,1533045,Halodule emarginata
Nanozostera japonica,1723145,Nanozostera japonica
Posidonia sinuosa,374714,Posidonia sinuosa
Posidonia denhartogii,374729,Posidonia denhartogii
Ruppia megacarpa,495093,Ruppia megacarpa
Halophila decipiens,145713,Halophila decipiens
NA,NA,Lepilaena australis
Heterozostera tasmanica,374710,Heterozostera tasmanica
Heterozostera nigricaulis,669498,Heterozostera nigricaulis
Amphibolis antarctica,374718,Amphibolis antarctica
NA,NA,Zostera caespitosa
Cymodocea serrulata,208919,Cymodocea serrulata
Lepilaena marina,495097,Lepilaena marina
Amphibolis griffithii,374719,Amphibolis griffithii
Nanozostera noltii,669496,Nanozostera noltii
NA,NA,Ruppia filifolia
Cymodocea rotundata,208921,Cymodocea rotundata
Thalassia hemprichii,208931,Thalassia hemprichii
Halophila capricorni,823803,Halophila capricorni
Phyllospadix serrulatus,374708,Phyllospadix serrulatus
Phyllospadix scouleri,374707,Phyllospadix scouleri
Halophila ovata,208927,Halophila ovata
Posidonia coriacea,660627,Posidonia coriacea
Nanozostera capensis,1345366,Nanozostera capensis
Halophila australis,374889,Halophila australis
Halodule wrightii,208925,Halodule wrightii
NA,NA,Zostera pacifica
Halodule bermudensis,377177,Halodule bermudensis
Thalassodendron ciliatum,220228,Thalassodendron ciliatum
Halophila minor,208926,Halophila minor
Ruppia tuberosa,495094,Ruppia tuberosa
Syringodium filiforme,374715,Syringodium filiforme
Posidonia ostenfeldii,374713,Posidonia ostenfeldii
Heterozostera polychlamys,669499,Heterozostera polychlamys
Halophila nipponica,593696,Halophila nipponica
NA,NA,Halophila baillonii
Thalassodendron pachyrhizum,374717,Thalassodendron pachyrhizum
Nanozostera muelleri,1723149,Nanozostera muelleri
NA,NA,Iravadia annadalei
Iravadia funerea,607228,Iravadia funerea
Faunus ater,581169,Faunus ater
Villorita corbiculoides,1358676,Villorita corbiculoides
Villorita cornucopia,1358678,Villorita cornucopia
Plectranthias chungchowensis,312933,Plectranthias chungchowensis
Microcephalophis cantoris,407684,MIcrocephalophis cantoris
Hydrophis caerulescens,344052,Hydrophis caerulescens
Hydrophis ocellatus,344068,Hydrophis ocellatus
NA,NA,Hydrophis anomalus
NA,NA,Hydrophis macdowelli
NA,NA,Ephalophis greyae
NA,NA,Aipysurus eydouxii
Hydrophis laboutei,344061,Hydrophis laboutei
Microcephalophis gracilis,344091,MIcrocephalophis gracilis
NA,NA,Hydrophis walli
Acrostichum aureum,235080,Acrostichum aureum
NA,NA,Ischaemum muticum
NA,NA,Sphaeranthus amaranthoides
NA,NA,Aponogeton appendiculatus
NA,NA,Cyperus stoloniferus
Lobotes pacificus,1621602,Lobotes pacificus
Sonneratia caseolaris,235109,Sonneratia caseolaris
Aegiceras corniculatum,235069,Aegiceras corniculatum
Laguncularia racemosa,235050,Laguncularia racemosa
NA,NA,Sonneratia griffithii
Nypa fruticans,234451,Nypa fruticans
NA,NA,Tabebuia palustris
Aegialitis annulata,235078,Aegialitis annulata
NA,NA,Bruguiera gymnorhiza
Sonneratia alba,235107,Sonneratia alba
Xylocarpus moluccensis,235066,Xylocarpus moluccensis
Conocarpus erectus,418734,Conocarpus erectus
Heritiera globosa,235118,Heritiera globosa
Camptostemon philippinensis,344743,Camptostemon philippinensis
Avicennia rumphiana,235042,Avicennia rumphiana
Acrostichum danaeifolium,234489,Acrostichum danaeifolium
Avicennia germinans,235037,Avicennia germinans
Ceriops zippeliana,742488,Ceriops zippeliana
Acrostichum speciosum,234490,Acrostichum speciosum
Sonneratia ovata,235111,Sonneratia ovata
Heritiera fomes,235117,Heritiera fomes
NA,NA,Phoenix paludosa
NA,NA,Scyphiphora hydrophylacea
Camptostemon schultzii,235047,Camptostemon schultzii
Rhizophora racemosa,235096,Rhizophora racemosa
Avicennia officinalis,235041,Avicennia officinalis
Bruguiera parviflora,235084,Bruguiera parviflora
Ceriops tagal,235088,Ceriops tagal
Avicennia schaueriana,235043,Avicennia schaueriana
Ceriops australis,344707,Ceriops australis
Rhizophora mucronata,235095,Rhizophora mucronata
Bruguiera exaristata,235081,Bruguiera exaristata
Sonneratia lanceolata,235305,Sonneratia lanceolata
Avicennia marina,235040,Avicennia marina
Cynometra iripa,1591387,Cynometra iripa
Avicennia alba,235034,Avicennia alba
Rhizophora samoensis,235097,Rhizophora samoensis
Acanthus ebracteatus,344739,Acanthus ebracteatus
NA,NA,Bruguiera hainesii
Brownlowia tersa,1804899,Brownlowia tersa
Acanthus volubilis,344741,Acanthus volubilis
Pemphis acidula,235061,Pemphis acidula
Aegialitis rotundifolia,235079,Aegialitis rotundifolia
Bruguiera cylindrica,234496,Bruguiera cylindrica
Sonneratia apetala,235108,Sonneratia apetala
Excoecaria agallocha,235057,Excoecaria agallocha
Bruguiera sexangula,235085,Bruguiera sexangula
Avicennia integra,235038,Avicennia integra
Xylocarpus granatum,235064,Xylocarpus granatum
Lumnitzera racemosa,235053,Lumnitzera racemosa
Avicennia bicolor,235035,Avicennia bicolor
Brownlowia argentata,1804961,Brownlowia argentata
Osbornia octodonta,235073,Osbornia octodonta
Rhizophora stylosa,235098,Rhizophora stylosa
Heritiera littoralis,235119,Heritiera littoralis
Ceriops decandra,235087,Ceriops decandra
Lumnitzera littorea,235052,Lumnitzera littorea
Kandelia obovata,394961,Kandelia obovata
Aegiceras floridum,235070,Aegiceras floridum
Kandelia candel,235090,Kandelia candel
NA,NA,Mora oleifera
NA,NA,Ponapella pihapiha
NA,NA,Tylochromis praecox
Xenistius californiensis,283178,Xenistius californiensis
NA,NA,Cathorops taylori
Bollmannia pawneea,279937,Bollmannia pawneea
Gobiesox daedaleus,275668,Gobiesox daedaleus
Hermosilla azurea,281049,Hermosilla azurea
Eugerres periche,280742,Eugerres periche
NA,NA,Hypsoblennius maculipinna
Sargocentron suborbitalis,272219,Sargocentron suborbitalis
Xenomugil thoburni,283187,Xenomugil thoburni
Bollmannia longpinnus,713726,Bollmannia longpinnus
Diapterus aureolus,276413,Diapterus aureolus
Pseudogramma thaumasium,278297,Pseudogramma thaumasium
Melampus caffer,738194,Melampus caffer
Laemodonta amplicata,1472042,Laemodonta amplicata
Galatea nux,494748,Galatea nux
Galatea schwabi,1460415,Galatea schwabi
Galatea heukelomii,1599852,Galatea heukelomii
Thaumastocheles dochmiodon,382869,Thaumastocheles dochmiodon
Antipodarctus aoteanus,383012,Antipodarctus aoteanus
Xyrichtys woodi,273615,Xyrichtys woodi
Xyrichtys koteamea,273601,Xyrichtys koteamea
Iniistius javanicus,713559,Iniistius javanicus
Nelabrichthys ornatus,281647,Nelabrichthys ornatus
Pseudolabrus mortonii,315413,Pseudolabrus mortonii
Xyrichtys sciistius,712767,Xyrichtys sciistius
Xenojulis margaritaceus,1621431,Xenojulis margaritaceus
Novaculichthys macrolepidotus,219034,Novaculichthys macrolepidotus
Anampses viridis,218922,Anampses viridis
NA,NA,Stenothyra perdives
Iravadia mahimensis,578547,Iravadia mahimensis
Cerithidea pliculosa,419535,Cerithidea pliculosa
Laemodonta punctigera,574842,Laemodonta punctigera
Ellobium chinense,872447,Ellobium chinense
NA,NA,Chilina patagonica
NA,NA,Clithon faba
Melampus striatus,1469732,Melampus striatus
Melampus coffeus,581905,Melampus coffeus
Salinator solida,591281,Salinator solida
Laemodonta striata,740230,Laemodonta striata
Assiminea obtusa,1567466,Assiminea obtusa
NA,NA,Helicorbis australiensis
NA,NA,Quadrasiella clathrata
NA,NA,Quadrasiella mucronata
Ranella parthenopaeum,405086,Ranella parthenopaeum
Kuhlia rubens,278249,Kuhlia rubens
Eptatretus lopheliae,398222,Eptatretus lopheliae
Scaevatula amancioi,434880,Scaevatula amancicoi
NA,NA,Thaanumella angulosa
NA,NA,Thaanumella cookei
NA,NA,Assiminea infirma
NA,NA,Assiminea pecos
NA,NA,Wrayanna soluta
Rhizophora apiculata,235093,Rhizophora apiculata
NA,NA,Dolichandrone spathacea
NA,NA,Aglaia cucullata
Serranus dewegeri,304875,Serranus dewegeri
Vanvoorstia bennettiana,374962,Vanvoorstia bennettiana
NA,NA,Collisella edmitchelli
NA,NA,Conacmella vagans
NA,NA,Monoplex parthenopaeus
Xyrichtys trivittatus,273609,Xyrichtys trivittatus
NA,NA,Cysticus gutta
NA,NA,Cysticus josephinae
Eussoia leptodonta,405006,Eussoia leptodonta
Tomichia tristis,405099,Tomichia tristis
Flabellum daphnense,1288888,Flabellum daphnense
Ectochaete perforans,404162,Ectochaete perforans
Rhizoclonium robustum,404159,Rhizoclonium robustum
Desmarestia tropica,375493,Desmarestia tropica
Dictyopteris diaphana,375489,Dictyopteris diaphana
Dictyota galapagensis,377140,Dictyota galapagensis
Dictyota major,220785,Dictyota major
Padina concrescens,375491,Padina concrescens
Spatoglossum ecuadoreanum,375486,Spatoglossum ecuadoreanum
Spatoglossum schmittii,375487,Spatoglossum schmittii
Zosterocarpus abyssicola,375482,Zosterocarpus abyssicola
Bifurcaria galapagensis,374785,Bifurcaria galapagensis
Sargassum albemarlense,375500,Sargassum albemarlense
Sargassum galapagense,495137,Sargassum galapagense
Sargassum setifolium,404138,Sargassum setifolium
Sargassum templetonii,495138,Sargassum templetonii
Eisenia galapagensis,375494,Eisenia galapagensis
Sporochnus rostratus,375492,Sporochnus rostratus
Asparagopsis svedelii,375507,Asparagopsis svedelii
Antithamnion veleroae,376428,Antithamnion veleroae
Callithamnion ecuadoreanum,376425,Callithamnion ecuadoreanum
Callithamnion epiphyticum,376426,Callithamnion epiphyticum
Ceramium hoodii,376448,Ceramium hoodii
Ceramium howellii,375547,Ceramium howellii
Ceramium prostratum,377025,Ceramium prostratum
Ceramium templetonii,377051,Ceramium templetonii
Pleonosporium complanatum,376447,Pleonosporium complanatum
Acrosorium papenfussii,376452,Acrosorium papenfussii
Austrofolium equatorianum,375722,Austrofolium equatorianum
Austrofolium howellii,375723,Austrofolium howellii
Myriogramme kylinii,376449,Myriogramme kylinii
Nitophyllum divaricatum,376451,Nitophyllum divaricatum
Phycodrina elegans,376177,Phycodrina elegans
Pseudolaingia hancockii,373889,Pseudolaingia hancockii
Alsidium pusillum,374155,Alsidium pusillum
Chondria flexicaulis,376459,Chondria flexicaulis
Laurencia congesta,376457,Laurencia congesta
Laurencia densissima,376975,Laurencia densissima
Laurencia ligulata,376998,Laurencia ligulata
Laurencia mediocris,404085,Laurencia mediocris
Laurencia oppositocladia,376458,Laurencia oppositocladia
Pterosiphonia paucicorticata,404156,Pterosiphonia paucicorticata
Amphiroa compressa,375528,Amphiroa compressa
Amphiroa crustiformis,376971,Amphiroa crustiformis
Amphiroa galapagensis,375526,Amphiroa galapagensis
Archaeolithothamnion crosslandii,404074,Archaeolithothamnion crosslandii
Goniolithon alternans,376547,Goniolithon alternans
Lithophyllum amplostratum,375516,Lithophyllum amplostratum
Lithophyllum complexum,375517,Lithophyllum complexum
Lithophyllum mutabile,375521,Lithophyllum mutabile
Lithophyllum rileyi,375520,Lithophyllum rileyi
Lithophyllum sancti-georgei,375519,Lithophyllum sancti-georgei
Tenarea erecta,375522,Tenarea erecta
Lithothamnion cottonii,375511,Lithothamnion cottonii
Lithothamnion pocillum,375512,Lithothamnion pocillum
Mesophyllum laxum,375514,Mesophyllum laxum
Chondrus albemarlensis,376422,Chondrus albemarlensis
Chondrus hancockii,376421,Chondrus hancockii
Kallymenia multiloba,376414,Kallymenia multiloba
Kallymenia setchellii,376413,Kallymenia setchellii
Pugetia latiloba,404158,Pugetia latiloba
Ahnfeltiopsis smithii,375714,Ahnfeltiopsis smithii
NA,NA,Ochtodes crokeri
NA,NA,Gracilaria ecuadoreanus
Gracilaria skottsbergii,375979,Gracilaria skottsbergii
Halymenia santamariae,376401,Halymenia santamariae
Pachymenia saxicola,376403,Pachymenia saxicola
Prionitis galapagensis,376411,Prionitis galapagensis
Prionitis hancockii,376410,Prionitis hancockii
Galaxaura barbata,375504,Galaxaura barbata
Galaxaura intermedia,375506,Galaxaura intermedia
Schizymenia ecuadoreana,372966,Schizymenia ecuadoreana
Sebdenia rubra,376417,Sebdenia rubra
Botryocladia darwinii,375089,Botryocladia darwinii
Rhodymenia decumbens,374130,Rhodymenia decumbens
NA,NA,Eunice viridis
NA,NA,Gibberula puntillum
NA,NA,Agathothoma finalis
Synagrops microlepis,276296,Synagrops microlepis
Spartina alterniflora,234072,Spartina alterniflora
NA,NA,Spergularia marina
Solea triophthalma,305864,Solea triophthalma
Monolene mertensi,1621422,Monolene mertensi
Dagetichthys lusitanica,1577834,Dagetichthys lusitanica
Trigloporus lastoviza,154462,Trigloporus lastoviza
NA,NA,Citharichthys uhleri
Synchiropus dagmarae,302275,Synchiropus dagmarae
Synagrops spinosus,159586,Synagrops spinosus
NA,NA,Membras argentea
Synagrops trispinosus,276299,Synagrops trispinosus
Foetorepus goodenbeani,159624,Foetorepus goodenbeani
Symphurus civitatium,159357,Symphurus civitatium
Paralichthys oblongus,308639,Paralichthys oblongus
NA,NA,Hydrobia balfouri
Scarus pyrrostethus,308985,Scarus pyrrostethus
NA,NA,Lepomis punctatus
Callimachus youngorum,550405,Callimachus youngorum
NA,NA,Hippopotamus amphibius
NA,NA,Allium telmatum
NA,NA,Puccinellia iberica
NA,NA,Garra persica
NA,NA,Rhamphicarpa medwedewii
NA,NA,Holothuria tuberculata
Perizona magna,528955,Perizona magna
NA,NA,Paelopatides gelatinosa
NA,NA,Allopatides dendroeides
NA,NA,Holothuria duoturriforma
Bathyplotes golden-hindi,529033,Bathyplotes golden-hindi
NA,NA,Mesothuria thomsoni
NA,NA,Holothuria casoae
NA,NA,Holothuria longicosta
Amphigymnas multipes,529191,Amphigymnas multipes
Holothuria huberti,529124,Holothuria huberti
Synallactes pellucidus,528962,Synallactes pellucidus
NA,NA,Holothuria manningi
Argiodia maculata,529277,Argiodia maculata
NA,NA,Holothuria nigralutea
Holothuria albifasciata,530262,Holothuria albifasciatus
Synallactes triplax,528829,Synallactes triplax
NA,NA,Holothuria austrinabassa
Mesothuria marginata,732435,Mesothuria marginata
Holothuria papillata,528764,Holothuria papillata
NA,NA,Holothuria altaturricula
NA,NA,Bathyplotes crenulata
NA,NA,Holothuria pseudonotabilis
Holothuria Rathbunii,732387,Holothuria rathbunii
NA,NA,Salmo coruhensis
Ariomma melanum,159593,Ariomma melanum
Howella simplex,304080,Howella simplex
Opisthoproctus grimaldii,126732,Opisthoproctus grimaldii
NA,NA,Metatrichoniscoides celticus
Cephaloscyllium sarawakensis,1592640,Cephaloscyllium sarawakensis
NA,NA,Spergularia bocconei
NA,NA,Pulicaria sicula
NA,NA,Lotus palustris
Bembrops greyi,276577,Bembrops greyi
Gonostoma elongatum,127296,Gonostoma elongatum
Cephalopholis furcifer,1577772,Cephalopholis furcifer
Conus cacao,224291,Conus cacao
Conus pseudocuneolus,225019,Conus pseudocuneolus
Hyporthodus chabaudi,1803577,Hyporthodus chabaudi
NA,NA,Neogale macrodon
Arctocephalus townsendi,255007,Arctocephalus townsendi
Arctocephalus forsteri,231420,Arctocephalus forsteri
Cephalopholis rogaa,218178,Cephalopholis rogaa
NA,NA,Mycteroperca epistictus
Chelon melinopterus,303795,Chelon melinopterus
Ilisha sirishai,1594930,Ilisha sirishai
Dagetichthys commersonnii,403342,Dagetichthys commersonnii
Hyporthodus drummondhayi,1803571,Hyporthodus drummondhayi
Acentronura dendritica,159442,Acentronura dendritica
Eugerres awlae,314368,Eugerres awlae
NA,NA,Marcusenius livingstonii
NA,NA,Menidia clarkhubbsi
Elacatinus rubrigenis,593475,Elacatinus rubrigenis
Elacatinus panamensis,593476,Elacatinus panamensis
Omobranchus lineolatus,311391,Omobranchus lineolatus
Symphodus melanocercus,273570,Symphodus melanocercus
Umbrina robinsoni,304420,Umbrina robinsoni
Maasella edwardsii,125420,Maasella edwardsi
Leiognathus equulus,218459,Leiognathus equulus
Paretroplus polyactis,1020098,Paretroplus polyactis
NA,NA,Sicydium brevifile
Notopterus notopterus,281795,Notopterus notopterus
NA,NA,Mystus abbreviatus
Cyclothone pseudoacclinidens,306627,Cyclothone pseudoacclinidens
Apagesoma delosommatus,1577706,Apagesoma delosommatus
Bathophilus metallicus,158847,Bathophilus metallicus
Melanostomias spilorhynchus,306749,Melanostomias spilorhynchus
NA,NA,Trigla macrodactylus
Erythrodiplax berenice,874583,Erythrodiplax berenice
NA,NA,Pseudophallus starksii
NA,NA,Carex lyngbyei
Carex paleacea,577503,Carex paleacea
NA,NA,Carex pluriflora
NA,NA,Carex subspathacea
NA,NA,Jaumea carnosa
NA,NA,Lilaeopsis occidentalis
NA,NA,Rhizophora mangle
NA,NA,Cociella crocodila
NA,NA,Dichichthys bigus
Repomucenus curvicornis,315466,Repomucenus curvicornis
Equulites berbis,1865516,Equulites berbis
NA,NA,Triglochin maritima
Sebastapistes pascuensis,1578134,Sebastapistes pascuensis
Cantherhines multilineatus,276252,Cantherhines multilineatus
Stephanolepis auratus,1621416,Stephanolepis auratus
NA,NA,Tamarix canariensis
NA,NA,Caliraja rhina
Plectorhinchus unicolor,273496,Plectorhinchus unicolor
Equetus lanceolatus,159315,Equetus lanceolatus
NA,NA,Cyprinodon riverendi
NA,NA,Cerberus australis
Assiminea cardonae,836399,Assiminea cardonae
NA,NA,Floridichthys polyommus
NA,NA,Menidia colei
NA,NA,Fundulus grandissimus
Chatrabus damaranus,313211,Chatrabus damaranus
NA,NA,Fundulus persimilis
Monopterus javanensis,314959,Monopterus javanensis
NA,NA,Dermogenys collettei
NA,NA,Datnioides microlepis
Gobiopterus birtwistlei,280899,Gobiopterus birtwistlei
Achiroides melanorhijnchus,403315,Achiroides melanorhijnchus
NA,NA,Glossogobius illimis
NA,NA,Lentipes adelphizonus
NA,NA,Sicyopterus cynocephalus
NA,NA,Sicyopus multisquamatus
NA,NA,Stiphodon semoni
NA,NA,Stiphodon zebrinus
NA,NA,Phallostethus dunckeri
Awaous litturatus,277422,Awaous litturatus
NA,NA,Awaous personatus
Lentipes whittenorum,281286,Lentipes whittenorum
NA,NA,Schismatogobius bruynisi
NA,NA,Schismatogobius marmoratus
NA,NA,Sicyopterus microcephalus
NA,NA,Sicyopterus parvei
NA,NA,Stiphodon carisa
NA,NA,Stiphodon maculidorsalis
NA,NA,Stiphodon ornatus
NA,NA,Pangio kuhlii
NA,NA,Neripteron simoni
NA,NA,Neritilia vulgaris
Neritina turrita,737532,Neritina turrita
NA,NA,Auriglobus modestus
Neritilia rubida,532053,Neritilia rubida
Clithon fuliginosum,873239,Clithon fuliginosum
Lobodon carcinophaga,231416,Lobodon carcinophaga
Lontra provocax,343993,Lontra provocax
NA,NA,Upeneus guttatus
Moolgarda crenilabis,1865528,Moolgarda crenilabis
Amblyrhynchote honckenii,1805560,Amblyrhynchote honckenii
NA,NA,Trypauchenopsis intermedia
Vanderhorstia phaeostictus,1578200,Vanderhorstia phaeostictus
NA,NA,Alosa suworowi
Herklotsichthys spilurus,1621413,Herklotsichthys spilurus
NA,NA,Chrysichthys furcatus
Epinephelus altivelis,304690,Epinephelus altivelis
NA,NA,Mycteroperca albomarginatus
NA,NA,Mycteroperca andersoni
NA,NA,Mycteroperca caninus
Mycteroperca costae,883342,Mycteroperca costae
Mycteroperca marginata,883341,Mycteroperca marginata
NA,NA,Mycteroperca goreensis
NA,NA,Mycteroperca heniochus
NA,NA,Mycteroperca morrhua
NA,NA,Mycteroperca poecilonotus
NA,NA,Mycteroperca posteli
NA,NA,Mycteroperca radiatus
NA,NA,Cephalopholis albomarginata
NA,NA,Plectropomus powelli
NA,NA,Hyporthodus dermopterus
Actinopyga agassizi,1304399,Actinopyga agassizi
Facciolella oxyrhyncha,1621410,Facciolella oxyrhyncha
NA,NA,Holothuria theeli
NA,NA,Alosa agone
Encrasicholina pseudoheteroloba,1529163,Encrasicholina pseudoheteroloba
Muraenichthys hattae,311632,Muraenichthys hattae
NA,NA,Nettenchelys bellottii
NA,NA,Ophichthus sangjuensis
Pseudophichthys macroporis,1495665,Pseudophichthys macroporis
NA,NA,Saurenchelys elongata
Uropterygius alboguttatus,212035,Uropterygius alboguttatus
Hemitrygon bennettii,1042846,Hemitrygon bennetti
Owstonia doryptera,1486862,Owstonia doryptera
Etrumeus jacksoniensis,308316,Etrumeus jacksoniensis
Spratelloides atrofasciatus,300572,Spratelloides atrofasciatus
Acentronura australe,276232,Acentronura australe
Gymnelus barsukovi,254586,Gymnelus barsukovi
Iluocoetes elongatus,281172,Iluocoetes elongatus
Neomerinthe rotunda,276266,Neomerinthe rotunda
Pelates sexlineatus,274001,Pelates sexlineatus
Paralichthys schmitti,275819,Paralichthys schmitti
NA,NA,Gobiesox multitentaculus
Nectamia zebrinus,1592767,Nectamia zebrinus
NA,NA,Pungitius tymensis
Acentronura larsonae,276233,Acentronura larsonae
Acentronura lumnitzeri,1577683,Acentronura lumnitzeri
Dichichthys albimarginatus,1846222,Dichichthys albimarginatus
Coryogalops bretti,273428,Coryogalops bretti
Numenius arquata,159037,Numenius arquata
Pelecanus philippensis,343936,Pelecanus philippensis
NA,NA,Esacus recurvirostris
Oxyurichthys longicauda,303403,Oxyurichthys longicauda
NA,NA,Oxyurichthys nuchalis
Trimma omanensis,1592751,Trimma omanensis
Lissonanchus lusheri,1621600,Lissonanchus lusheri
Epinephelus moara,304747,Epinephelus moara
Larus relictus,343918,Larus relictus
NA,NA,Salicornia mossambicensis
NA,NA,Gymnogobius scrobiculatus
NA,NA,Luciogobius ryukyuensis
NA,NA,Biancaea decapetala
Pelecanus crispus,137175,Pelecanus crispus
Hime formosanus,318484,Hime formosanus
Chlorophthalmus productus,299932,Chlorophthalmus productus
Ipnops pristibrachium,308658,Ipnops pristibrachium
Lestidiops extrema,1621420,Lestidiops extrema
Lestidiops indopacifica,1621417,Lestidiops indopacifica
Saurida grandisquamis,272112,Saurida grandisquamis
Synodus houlti,300015,Synodus houlti
Paratrachichthys sajademalensis,282121,Paratrachichthys sajademalensis
Lophotus guntheri,398378,Lophotus guntheri
Trachipterus arawatae,221404,Trachipterus arawatae
NA,NA,Awaous acritosus
NA,NA,Sicyopus discordipinnis
NA,NA,Stiphodon rutilaureus
NA,NA,Neochanna cleaveri
NA,NA,Zenarchopterus novaeguineae
Thymichthys politus,475059,Thymichthys politus
Pseudocaranx cheilio,713335,Pseudocaranx cheilio
Seriola aureovittata,302501,Seriola aureovittata
Seriola dorsalis,302510,Seriola dorsalis
Acentrogobius madraspatensis,312539,Acentrogobius madraspatensis
Acentrogobius signatus,312546,Acentrogobius signatus
NA,NA,Acentrogobius veliensis
NA,NA,Aulopareia ocellata
Gobiopsis macrostomus,311035,Gobiopsis macrostomus
Drombus bontii,311469,Drombus bontii
Paracitharus macrolepis,219789,Paracitharus macrolepis
Dagetichthys albomaculatus,403340,Dagetichthys albomaculatus
NA,NA,Poecilobothrus majesticus
Myliobatis californicus,298810,Myliobatis californicus
Caliraja cortezensis,1803739,Caliraja cortezensis
NA,NA,Caliraja inornata
Hongeo koreana,1592816,Hongeo koreana
Orbiraja philipi,1865535,Orbiraja philipi
Dichichthys melanobranchus,317756,Dichichthys melanobranchus
NA,NA,Rostroraja bahamensis
Chiloscyllium hasselti,311151,Chiloscyllium hasselti
Chiloscyllium burmensis,1593903,Chiloscyllium burmensis
Caliraja stellulata,1803740,Caliraja stellulata
Dentiraja falloarga,1592590,Dentiraja falloarga
Narcinops ornata,1486854,Narcinops ornata
NA,NA,Lentipes mekonggaensis
Charadrius obscurus,366852,Charadrius obscurus
NA,NA,Zenarchopterus caudovittatus
NA,NA,Smilosicyopus leprurus
Percalates colonorum,320151,Percalates colonorum
Micropogonias manni,275308,Micropogonias manni
Lampanyctus bensoni,301511,Lampanyctus bensoni
Lampanyctus gemmifer,301521,Lampanyctus gemmifer
Triphoturus microchir,312124,Triphoturus microchir
Phoeniconaias minor,212710,Phoeniconaias minor
NA,NA,Doryichthys boaja
NA,NA,Apus balstoni
NA,NA,Scotopelia peli
Dasyscopelus orientalis,317661,Dasyscopelus orientalis
Tarletonbeania tenua,315747,Tarletonbeania tenua
NA,NA,Suriana maritima
NA,NA,Anas laysanensis
NA,NA,Telespiza ultima
Leucocarbo onslowi,1773448,Leucocarbo onslowi
Thalasseus bernsteini,413042,Thalasseus bernsteini
NA,NA,Corythornis thomensis
NA,NA,Corythornis nais
NA,NA,Tachybaptus pelzelnii
Egretta sacra,446493,Egretta sacra
NA,NA,Hypotaenidia torquata
Anarhynchus frontalis,366856,Anarhynchus frontalis
NA,NA,Anthus campestris
NA,NA,Dendrocygna arcuata
Cygnus atratus,225915,Cygnus atratus
NA,NA,Branta leucopsis
NA,NA,Cereopsis novaehollandiae
NA,NA,Grus vipio
NA,NA,Gallirallus australis
Charadrius asiaticus,212612,Charadrius asiaticus
NA,NA,Ardeola ralloides
NA,NA,Ciconia boyciana
NA,NA,Corvus monedula
NA,NA,Argya squamiceps
NA,NA,Anthreptes gabonicus
NA,NA,Anthus petrosus
NA,NA,Anthus spinoletta
NA,NA,Agelasticus thilius
NA,NA,Alauda arvensis
NA,NA,Megapodius eremita
NA,NA,Tadorna cristata
NA,NA,Nyctanassa violacea
Phoenicopterus chilensis,990418,Phoenicopterus chilensis
NA,NA,Oenanthe leucura
NA,NA,Ploceus pelzelni
NA,NA,Ploceus aurantius
NA,NA,Quiscalus niger
NA,NA,Quiscalus lugubris
NA,NA,Oenanthe oenanthe
NA,NA,Taeniopygia guttata
Puffinus bryani,1753854,Puffinus bryani
NA,NA,Rallus crepitans
NA,NA,Puffinus bailloni
Diomedea amsterdamensis,405082,Diomedea amsterdamensis
Hydrobates castro,1806345,Hydrobates castro
NA,NA,Hydrobates jabejabe
Hydrobates leucorhous,1773443,Hydrobates leucorhous
Hydrobates cheimomnestes,1739466,Hydrobates cheimomnestes
Hydrobates socorroensis,1739458,Hydrobates socorroensis
NA,NA,Puffinus myrtae
Aipysurus pooleorum,344018,Aipysurus pooleorum
NA,NA,Bucephala clangula
Catharacta skua,137170,Catharacta skua
Catharacta chilensis,225762,Catharacta chilensis
Catharacta maccormicki,159073,Catharacta maccormicki
Larus scoresbii,225930,Larus scoresbii
Saundersilarus saundersi,1750257,Saundersilarus saundersi
Thalasseus maximus,413040,Thalasseus maximus
Thalasseus bengalensis,413039,Thalasseus bengalensis
Thalasseus bergii,413041,Thalasseus bergii
Gygis microrhyncha,405104,Gygis microrhyncha
NA,NA,Microcarbo melanoleucos
Pachyptila crassirostris,225781,Pachyptila crassirostris
NA,NA,Ardenna pacifica
NA,NA,Ardenna bulleri
Ardenna creatopus,1674258,Ardenna creatopus
NA,NA,Ardenna tenuirostris
NA,NA,Puffinus bannermani
NA,NA,Hydrobates microsoma
NA,NA,Hydrobates tethys
NA,NA,Hydrobates monorhis
NA,NA,Hydrobates macrodactylus
NA,NA,Hydrobates matsudairae
NA,NA,Hydrobates homochroa
NA,NA,Melanitta stejnegeri
NA,NA,Hydrobates monteiroi
Pterodroma gouldi,1773483,Pterodroma gouldi
NA,NA,Oceanites pincoyae
NA,NA,Gelochelidon macrotarsa
Catharacta antarctica,343933,Catharacta antarctica
Anous albivittus,1773425,Anous albivittus
NA,NA,Anous ceruleus
NA,NA,Urile urile
Gulosus aristotelis,1704278,Gulosus aristotelis
NA,NA,Nannopterum harrisi
NA,NA,Nannopterum brasilianum
NA,NA,Nannopterum auritum
NA,NA,Leucocarbo bougainvilliorum
Leucocarbo atriceps,1603882,Leucocarbo atriceps
NA,NA,Leucocarbo verrucosus
Leucocarbo chalconotus,1610891,Leucocarbo chalconotus
Leucocarbo colensoi,1773446,Leucocarbo colensoi
Leucocarbo campbelli,1773445,Leucocarbo campbelli
Leucocarbo ranfurlyi,1773451,Leucocarbo ranfurlyi
Leucocarbo magellanicus,1674784,Leucocarbo magellanicus
NA,NA,Poikilocarbo gaimardi
NA,NA,Urile penicillatus
NA,NA,Hydrophis zweifeli
NA,NA,Stolephorus oceanicus
NA,NA,Bryconalestes longipinnis
NA,NA,Notoglanidium akiri
NA,NA,Chrysichthys maurus
NA,NA,Citharinus eburneensis
NA,NA,Enteromius ablabes
NA,NA,Poropanchax scheeli
Ninnigobius canestrinii,1605283,Ninnigobius canestrinii
Posidonia oceanica,145794,Posidonia oceanica
Pseudoscopelus albeolus,398594,Pseudoscopelus albeolus
Astronesthes barbatus,1493215,Astronesthes barbatus
Bathophilus longipes,306688,Bathophilus longipes
NA,NA,Quiscalus major
NA,NA,Melospiza melodia
NA,NA,Lophiodes lugubris
NA,NA,Cygnus buccinator
NA,NA,Mareca americana
Anas rubripes,159170,Anas rubripes
NA,NA,Coregonus widegreni
NA,NA,Geothlypis trichas
NA,NA,Plectrophenax hyperboreus
NA,NA,Plectrophenax nivalis
NA,NA,Calcarius lapponicus
NA,NA,Anthus cervinus
Paraphyonus brevidorsalis,1805558,Paraphyonus brevidorsalis
Astronesthes formosana,1567211,Astronesthes formosana
NA,NA,Diancistrus typhlops
NA,NA,Sturnus vulgaris
Diplophos proximus,306634,Diplophos proximus
NA,NA,Luscinia svecica
NA,NA,Melamphaes succedanaus
NA,NA,Cistothorus palustris
NA,NA,Tachycineta thalassina
NA,NA,Eremophila alpestris
NA,NA,Corvus ossifragus
NA,NA,Corvus sinaloae
NA,NA,Corvus caurinus
NA,NA,Spatula discors
NA,NA,Aythya americana
Cynoglossus quadrilineatus,305630,Cynoglossus quadrilineatus
Bucephala albeola,159179,Bucephala albeola
Lophodytes cucullatus,159094,Lophodytes cucullatus
Aythya valisineria,159173,Aythya valisineria
NA,NA,Machetornis rixosa
Calidris minuta,212600,Calidris minuta
Numenius phaeopus,159040,Numenius phaeopus
Ammospiza maritima,1451669,Ammospiza maritima
NA,NA,Ammospiza nelsoni
Phoenicopterus ruber,212708,Phoenicopterus ruber
Aechmophorus clarkii,1264668,Aechmophorus clarkii
Aechmophorus occidentalis,366617,Aechmophorus occidentalis
NA,NA,Aythya affinis
NA,NA,Loricaria parnahybae
NA,NA,Stelgidopteryx serripennis
NA,NA,Stelgidopteryx ridgwayi
NA,NA,Ambrosia maritima
Chara aspera,399466,Chara aspera
Stomias pacificus,1595101,Stomias pacificus
Plectorhinchus griseus,303417,Plectorhinchus griseus
Chiasmodon lavenbergi,398590,Chiasmodon lavenbergi
Pseudoscopelus odontoglossum,1592563,Pseudoscopelus odontoglossum
Ophioscion gomezi,1493902,Ophioscion gomezi
NA,NA,Catathyridium grandirivi
NA,NA,Gonialosa modesta
Sardinella dayi,300556,Sardinella dayi
Alosa pontica,126416,Alosa pontica
Bothus thompsoni,305596,Bothus thompsoni
NA,NA,Odaxothrissa mento
Zearaja brevicaudata,1865513,Zearaja brevicaudata
Gobiodon albolineatus,219481,Gobiodon albolineatus
Dracogyra subfuscus,1047861,Dracogyra subfuscus
Podiceps gallardoi,366611,Podiceps gallardoi
Calidris temminckii,366591,Calidris temminckii
Cynoglossus brachycephalus,219849,Cynoglossus brachycephalus
Cynoglossus cleopatridis,713834,Cynoglossus cleopatridis
Cynoglossus microphthalmus,305618,Cynoglossus microphthalmus
Cynoglossus praecisus,305627,Cynoglossus praecisus
Cynoglossus versicolor,219843,Cynoglossus versicolor
Symphurus holothuriae,305638,Symphurus holothuriae
NA,NA,Symphurus septemstriata
NA,NA,Lentipes venustus
NA,NA,Stenogobius beauforti
NA,NA,Stenogobius hoesei
NA,NA,Stenogobius laterisquamatus
NA,NA,Stenogobius psilosinionus
NA,NA,Stenogobius watsoni
NA,NA,Stiphodon larson
Galatea tenuicula,494752,Galatea tenuicula
Angiola lineata,224584,Angiola lineata
Galatea bengoensis,494742,Galatea bengoensis
NA,NA,Coelatura essoensis
NA,NA,Atyoida bisulcata
Galatea cailliaudii,494745,Galatea cailliaudi
NA,NA,Galatea bernardii
Thalassodendron leptocaule,1356626,Thalassodendron leptocaule
Labeo heladiva,1493705,Labeo heladiva
Assiminea hessei,742542,Assiminea hessei
Cyrenoida dupontia,505300,Cyrenoida dupontia
NA,NA,Hydrobia lineata
Potamopyrgus ciliatus,1338591,Potamopyrgus ciliatus
Nereina afra,873795,Nereina afra
NA,NA,Vitta cristata
Vitta glabrata,1362570,Vitta glabrata
Pachymelania aurita,225190,Pachymelania aurita
NA,NA,Pachymelania byronensis
Pachymelania fusca,224760,Pachymelania fusca
NA,NA,Batagur affinis
Pelliciera rhizophorae,344746,Pelliciera rhizophorae
Calidris acuminata,225955,Calidris acuminata
Aythya nyroca,416686,Aythya nyroca
Puffinus newelli,344628,Puffinus newelli
Vanellus leucurus,567427,Vanellus leucurus
Egretta gularis,212665,Egretta gularis
NA,NA,Spatula clypeata
Charadrius leschenaultii,212616,Charadrius leschenaultii
NA,NA,Anas acuta
Rallus longirostris,159745,Rallus longirostris
Egretta rufescens,422580,Egretta rufescens
Calidris canutus,147433,Calidris canutus
NA,NA,Zapornia pusilla
NA,NA,Fulica atra
Chlidonias hybrida,137135,Chlidonias hybrida
NA,NA,Charadrius dealbatus
NA,NA,Ardenna grisea
NA,NA,Calidris virgata
Pluvialis apricaria,159135,Pluvialis apricaria
NA,NA,Anthus pratensis
NA,NA,Motacilla citreola
NA,NA,Poecile palustris
NA,NA,Curruca mystacea
NA,NA,Falco columbarius
Thalasseus sandvicensis,413044,Thalasseus sandvicensis
Larus armenicus,343904,Larus armenicus
NA,NA,Ardea cinerea
NA,NA,Tadorna tadorna
NA,NA,Aythya fuligula
Larus genei,137143,Larus genei
Dendrocygna arborea,422568,Dendrocygna arborea
Calidris alba,159084,Calidris alba
NA,NA,Charadrius atrifrons
NA,NA,Alauda gulgula
Platalea minor,1753853,Platalea minor
Tringa brevipes,567469,Tringa brevipes
Egretta eulophotes,446492,Egretta eulophotes
Limosa limosa,159035,Limosa limosa
NA,NA,Calidris pygmaea
Atherina caspia,299843,Atherina caspia
NA,NA,Spatula querquedula
NA,NA,Ardea purpurea
Tringa erythropus,159029,Tringa erythropus
Tringa stagnatilis,212623,Tringa stagnatilis
Chloephaga hybrida,225985,Chloephaga hybrida
Haematopus ostralegus,147436,Haematopus ostralegus
NA,NA,Hydrobates tristrami
NA,NA,Pelecanoides whenuahouensis
Haematopus finschi,1436385,Haematopus finschi
NA,NA,Anthus rubescens
NA,NA,Apus pallidus
Ardenna carneipes,1611300,Ardenna carneipes
Phoenicopterus roseus,212709,Phoenicopterus roseus
NA,NA,Phoenicurus ochruros
Urile pelagicus,1752629,Urile pelagicus
NA,NA,Remiz pendulinus
NA,NA,Hydrobates hornbyi
NA,NA,Hydrobates markhami
NA,NA,Anatirostrum profundorum
NA,NA,Benthophiloides turcomanus
NA,NA,Benthophilus baeri
NA,NA,Benthophilus ctenolepidus
NA,NA,Benthophilus kessleri
NA,NA,Benthophilus leptocephalus
NA,NA,Benthophilus leptorhynchus
Benthophilus svetovidovi,273424,Benthophilus svetovidovi
NA,NA,Ponticola goebelii
Vanellus spinosus,212620,Vanellus spinosus
NA,NA,Anser caerulescens
NA,NA,Hypotaenidia philippensis
NA,NA,Jynx torquilla
Calyptogena magnifica,464366,Calyptogena magnifica
NA,NA,Mytilopsis africana
Iphigenia curta,1346728,Iphigenia curta
Platichthys luscus,1534355,Platichthys luscus
Pleuronichthys lighti,315303,Pleuronichthys lighti
NA,NA,Azygopus flemingi
Zebrias annularis,1623045,Zebrias annularis
NA,NA,Leptachirus alleni
NA,NA,Leptachirus lorentz
NA,NA,Leptachirus robertsi
Pseudaesopia callizona,1623759,Pseudaesopia callizona
NA,NA,Phyllichthys munroi
Pogonias courbina,1622275,Pogonias courbina
NA,NA,Benthophilus ragimovi
Gobius ophiocephalus,303234,Gobius ophiocephalus
Pseudaspius hakonensis,1572045,Pseudaspius hakonensis
NA,NA,Coregonus subautumnalis
NA,NA,Oncorhynchus penshinensis
Salvelinus albus,274351,Salvelinus albus
NA,NA,Salvelinus drjagini
NA,NA,Silurus asotus
Acentrogobius gracilis,312531,Acentrogobius gracilis
Oligolepis jaarmani,278545,Oligolepis jaarmani
NA,NA,Stenogobius lachneri
NA,NA,Pseudomugil paludicola
Dichichthys nigripalatum,1846224,Dichichthys nigripalatum
NA,NA,Schismatogobius alleni
NA,NA,Kentrocapros spilonotus
Parascolopsis rufomaculatus,1593736,Parascolopsis rufomaculatus
Chloroceryle amazona,422616,Chloroceryle amazona
Chloroceryle aenea,422618,Chloroceryle aenea
NA,NA,Puffinus subalaris
Charadrius collaris,366857,Charadrius collaris
Butorides striata,212661,Butorides striata
Engraulis nattereri,300639,Engraulis nattereri
NA,NA,Lutrogale perspicillata
NA,NA,Aonyx cinereus
Porites duerdeni,411269,Porites duerdeni
Acropora elegantula,430643,Acropora elegantula
Acropora forskali,207121,Acropora forskali
Acropora haimei,207110,Acropora haimei
Porites studeri,411273,Porites studeri
NA,NA,Pavonia bahamensis
NA,NA,Megaceryle torquata
Chloroceryle americana,422617,Chloroceryle americana
NA,NA,Ardenna gravis
NA,NA,Hydrobates melania
Cephaloscyllium formosanum,310167,Cephaloscyllium formosanum
NA,NA,Gobiesox cephalus
NA,NA,Pictichromis ephippiatus
Stolephorus bataviensis,313263,Stolephorus bataviensis
Stolephorus baweanensis,313264,Stolephorus baweanensis
NA,NA,Stolephorus bengalensis
NA,NA,Haliaeetus vocifer
NA,NA,Ciconia episcopus
NA,NA,Roeboides dientonito
NA,NA,Cichlasoma orinocense
NA,NA,Hyphessobrycon fernandezi
NA,NA,Anguilla borneensis
Aplochiton marinus,313720,Aplochiton marinus
NA,NA,Basilichthys microlepidotus
NA,NA,Odontesthes brevianalis
NA,NA,Poeciliopsis occidentalis
Geotria macrostoma,298254,Geotria macrostoma
Larus bulleri,225948,Larus bulleri
Recurvirostra avosetta,212721,Recurvirostra avosetta
NA,NA,Poecilia wingei
NA,NA,Rallus obsoletus
Thalasseus elegans,413043,Thalasseus elegans
Charadrius pallidus,212618,Charadrius pallidus
Rynchops flavirostris,212828,Rynchops flavirostris
Pristipomoides amoenus,218508,Pristipomoides amoenus
Glareola ocularis,212722,Glareola ocularis
NA,NA,Bucephala islandica
Anas fulvigula,422572,Anas fulvigula
Sterna aurantia,343926,Sterna aurantia
Charadrius bicinctus,366848,Charadrius bicinctus
Calidris ferruginea,159049,Calidris ferruginea
Charadrius peronii,366842,Charadrius peronii
NA,NA,Emberiza yessoensis
NA,NA,Grus americana
NA,NA,Vultur gryphus
Numenius tahitiensis,366863,Numenius tahitiensis
Charadrius nivosus,1674260,Charadrius nivosus
Ardea herodias,159382,Ardea herodias
NA,NA,Ardea occidentalis
Haematopus moquini,212720,Haematopus moquini
NA,NA,Microcarbo coronatus
Ardea intermedia,225956,Ardea intermedia
Charadrius melodus,159125,Charadrius melodus
Anas chlorotis,226003,Anas chlorotis
NA,NA,Mycteria cinerea
NA,NA,Anthus antarcticus
NA,NA,Charadrius javanicus
NA,NA,Chordeiles minor
Branta bernicla,159175,Branta bernicla
Ardeola idae,212670,Ardeola idae
NA,NA,Chinchaysuyoa ortegai
NA,NA,Cinclodes maculirostris
NA,NA,Buteo galapagoensis
NA,NA,Macrocephalon maleo
NA,NA,Eulipoa wallacei
Homalopoma bicolor,457986,Homalopoma bicolor
NA,NA,Megapodius cumingii
NA,NA,Anas bernieri
NA,NA,Threskiornis bernieri
NA,NA,Arctoraja sexoculata
NA,NA,Milvus aegyptius
Dussumieria albulina,1832267,Dussumieria albulina
Pachyptila macgillivrayi,226025,Pachyptila macgillivrayi
NA,NA,Myrrophis bennettii
NA,NA,Foa landoni
NA,NA,Dalbergia beccarii
Fowleria polystigma,277515,Fowleria polystigma
NA,NA,Jaydia albomarginata
NA,NA,Acentrogobius pellidebilis
Codium spinulosum,623347,Codium spinulosum
Undaria crenata,375281,Undaria crenata
Elachista falcata,375282,Elachista falcata
Neoleptonema yongpilii,395697,Neoleptonema yongpilii
Acrochaetium inkyui,503529,Acrochaetium inkyui
Martensia flammifolia,377173,Martensia flammifolia
Ceramium inkyui,388475,Ceramium inkyui
Dasysiphonia chejuensis,375082,Dasysiphonia chejuensis
Chondria chejuensis,375738,Chondria chejuensis
Chondria pellucida,375739,Chondria pellucida
Gelidium coreanum,707943,Gelidium coreanum
Gelidium prostratum,707946,Gelidium prostratum
Gelidium jejuensis,707944,Gelidium jejuensis
Gelidium minimum,707945,Gelidium minimum
Gelidium eucorneum,624875,Gelidium eucorneum
Melanothamnus flavimarinus,1313616,Melanothamnus flavimarinus
NA,NA,Chondrophycus kangjaewonii
Monosporus inkyui,375854,Monosporus inkyui
Symphyocladia glabra,838999,Symphyocladia glabra
Symphyocladia lithophila,623882,Symphyocladia lithophila
Symphyocladia jejuinsula,708197,Symphyocladia jejuinsula
Symphyocolax koreana,624532,Symphyocolax koreana
Laurencia intercalaris,376784,Laurencia intercalaris
Laurencia succulenta,623367,Laurencia succulenta
Trimma hotsarihiensis,1592566,Trimma hotsarihiensis
NA,NA,Asio capensis
NA,NA,Circus spilonotus
NA,NA,Falco cherrug
Haliaeetus pelagicus,1753851,Haliaeetus pelagicus
NA,NA,Aythya ferina
Haematopus meadewaldoi,366766,Haematopus meadewaldoi
NA,NA,Marmaronetta angustirostris
Pinguinus impennis,137132,Pinguinus impennis
NA,NA,Vanellus vanellus
Numenius tenuirostris,366864,Numenius tenuirostris
Chrysiptera leucopoma,218785,Chrysiptera leucopoma
NA,NA,Falco peregrinus
NA,NA,Falco rusticolus
NA,NA,Milvus migrans
Pandion haliaetus,159377,Pandion haliaetus
Haliaeetus albicilla,232053,Haliaeetus albicilla
NA,NA,Dalbergia spinosa
Tringa flavipes,159030,Tringa flavipes
NA,NA,Circus macrosceles
Repomucenus beniteguri,315465,Repomucenus beniteguri
NA,NA,Halcyon pileata
NA,NA,Rostratula australis
NA,NA,Yongeichthys viganensis
NA,NA,Grus japonensis
Anser albifrons,159159,Anser albifrons
Haematopus chathamensis,366771,Haematopus chathamensis
Thinornis novaeseelandiae,366854,Thinornis novaeseelandiae
Synchiropus ijimai,402748,Synchiropus ijimai
Synchiropus ocellatus,273254,Synchiropus ocellatus
NA,NA,Synchiropus papilio
Mobula eregoodoo,298800,Mobula eregoodoo
Lontra felina,343992,Lontra felina
NA,NA,Nemanthias regalis
NA,NA,Megapodius laperouse
Haliaeetus leucogaster,446494,Haliaeetus leucogaster
NA,NA,Pelargopsis amauroptera
NA,NA,Todiramphus lazuli
NA,NA,Charadrius aquilonius
NA,NA,Botaurus poiciloptilus
NA,NA,Orthopristis cantharina
Leucocarbo carunculatus,1611502,Leucocarbo carunculatus
NA,NA,Fulica alai
NA,NA,Scyliorhinus hachijoensis
Callionymus olidus,302246,Callionymus olidus
NA,NA,Periophthalmus magnuspinnatus
NA,NA,Neosalanx hubbsi
NA,NA,Okamejei panayensis
NA,NA,Gygis candida
NA,NA,Astreopora monteporina
NA,NA,Haliclona clairae
NA,NA,Haliclona dianae
NA,NA,Haliclona oberi
NA,NA,Haliclona roslynae
NA,NA,Haliclona spuma
NA,NA,Clathria stellata
Camptorhynchus labradorius,159202,Camptorhynchus labradorius
NA,NA,Haliaeetus sanfordi
NA,NA,Anas wyvilliana
Tringa guttifer,366866,Tringa guttifer
NA,NA,Eurostopodus nigripennis
NA,NA,Urile perspicillatus
NA,NA,Mergus australis
NA,NA,Mycteria leucocephala
NA,NA,Anser cygnoid
NA,NA,Mareca falcata
NA,NA,Anser canagicus
NA,NA,Prosobonia parvirostris
Hexanchus vitulus,217627,Hexanchus vitulus
NA,NA,Zapornia monasa
NA,NA,Fregetta lineata
Charadrius thoracicus,366845,Charadrius thoracicus
NA,NA,Leptoptilos javanicus
Pluvianellus socialis,366876,Pluvianellus socialis
Charadrius mongolus,212614,Charadrius mongolus
NA,NA,Apristurus ovicorrugatus
NA,NA,Okamejei picta
NA,NA,Gymneleotris seminudum
Oligolepis stomias,278546,Oligolepis stomias
Paragobiopsis ostreicola,320034,Paragobiopsis ostreicola
NA,NA,Tigrigobius inornatus
NA,NA,Ptereleotris melanota
NA,NA,Taeniamia dispilus
Sphyraena africana,305323,Sphyraena africana
NA,NA,Siganus studeri
Siganus margaritiferus,305079,Siganus margaritiferus
Menticirrhus martinicensis,309093,Menticirrhus martinicensis
NA,NA,Menticirrhus gracilis
NA,NA,Johnius sasakii
Abudefduf caudobimaculatus,304104,Abudefduf caudobimaculatus
Lethrinus scoparius,312260,Lethrinus scoparius
Aurigequula longispinis,1888059,Aurigequula longispinis
NA,NA,Hyporthodus griseofasciatus
Epinephelus rankini,304763,Epinephelus rankini
Dictyosoma temminckii,314265,Dictyosoma temminckii
NA,NA,Cheilodipterus lineatus
NA,NA,Trimma albicaudatum
Pseudogobius verticalis,1536478,Pseudogobius verticalis
Pseudogobius jeffi,1536483,Pseudogobius jeffi
Pseudogobius hoesei,1536482,Pseudogobius hoesei
Pseudogobius eos,1536481,Pseudogobius eos
Pseudogobius cinctus,1536480,Pseudogobius cinctus
Pseudogobius aquilonius,1536479,Pseudogobius aquilonius
Gobiopsis liolepis,1803729,Gobiopsis liolepis
NA,NA,Callogobius vanclevei
NA,NA,Callogobius kuderi
Hypoatherina panatela,310979,Hypoatherina panatela
NA,NA,Insidiator meerdervoortii
Taenioides snyderi,310474,Taenioides snyderi
NA,NA,Robinsichthys nigrimarginatus
NA,NA,Ponticola odessicus
Pascua readerae,713740,Pascua readerae
Paragobiopsis orbicularis,320033,Paragobiopsis orbicularis
NA,NA,Pandaka bipunctata
Oxyurichthys omanensis,1865522,Oxyurichthys omanensis
Oxuderces nexipinnis,1495460,Oxuderces nexipinnis
NA,NA,Oligolepis nijsseni
NA,NA,Obliquogobius bathyalis
NA,NA,Luciogobius punctilineatus
Luciogobius martellii,281430,Luciogobius martellii
NA,NA,Luciogobius brevipterus
NA,NA,Eugnathogobius stictos
NA,NA,Elacatinus rubrifrons
NA,NA,Drombus oligactis
Dotsugobius bleekeri,1803732,Dotsugobius bleekeri
Cryptocentrus steinhardti,1800190,Cryptocentrus steinhardti
NA,NA,Pinnichthys atrimelum
Callogobius clarki,1594709,Callogobius clarki
NA,NA,Birdsongichthys rectus
NA,NA,Aulopareia vadosa
Apocryptodon wirzi,313746,Apocryptodon wirzi
NA,NA,Amblyeleotris cephalotaenia
NA,NA,Acentrogobius decaryi
NA,NA,Acentrogobius chusanensis
Flabellicauda cometes,1818142,Flabellicauda cometes
NA,NA,Flabellicauda akiko
NA,NA,Erdmannichthys alorensis
Hemigobius melanurus,314573,Hemigobius melanurus
NA,NA,Inu saikaiensis
Inu ama,318649,Inu ama
Inu koma,318650,Inu koma
NA,NA,Acyrtus arturo
NA,NA,Acyrtus simon
Flabellicauda alleni,1818140,Flabellicauda alleni
NA,NA,Labracinus ocelliferus
Istiblennius enosimae,311917,Istiblennius enosimae
NA,NA,Xenisthmus nigrolateralis
NA,NA,Tempestichthys bettyae
NA,NA,Schindleria edentata
NA,NA,Pterocerdale insolita
NA,NA,Navigobius dewa
NA,NA,Triaenopogon radiatus
NA,NA,Tomiyamia nudicervica
Triaenopogon barbatus,315869,Triaenopogon barbatus
NA,NA,Ophiocara ophicephalus
Erotelis clarki,1525289,Erotelis clarki
NA,NA,Butis prismaticus
NA,NA,Rhinolepadichthys polyastrous
NA,NA,Rhinolepadichthys heemstraorum
Rhinolepadichthys geminus,1805668,Rhinolepadichthys geminus
Kopua minima,1804070,Kopua minima
Callogobius irrasus,312691,Callogobius irrasus
Pomatoschistus adriaticus,1595010,Pomatoschistus adriaticus
NA,NA,Lepadichthys misakius
Tripterygion minor,305443,Tripterygion minor
Thinornis cucullatus,567423,Thinornis cucullatus
Prosobonia cancellata,366868,Prosobonia cancellata
NA,NA,Ophiocara porocephalum
Numenius madagascariensis,225934,Numenius madagascariensis
Heterodontus marshallae,1818790,Heterodontus marshallae
NA,NA,Squatina leae
Brevitrygon manjajiae,1806821,Brevitrygon manjajiae
Enneapterygius fuligicauda,310588,Enneapterygius fuligicauda
NA,NA,Diplecogaster roseiocula
NA,NA,Varicus roatanensis
NA,NA,Callogobius williamsi
NA,NA,Obliquogobius trifasciatus
NA,NA,Butis abdoui
NA,NA,Butis audebertae
NA,NA,Butis delagoensis
NA,NA,Fusigobius humerosus
NA,NA,Luciogobius griseus
NA,NA,Ophiocara cantoris
NA,NA,Ophiocara gigas
NA,NA,Ophiocara macrostoma
NA,NA,Schindleria qizma
NA,NA,Schindleria squirei
NA,NA,Butis huberti
Recurvirostra novaehollandiae,366777,Recurvirostra novaehollandiae
Cladorhynchus leucocephalus,366775,Cladorhynchus leucocephalus
NA,NA,Porzana fluminea
NA,NA,Stictonetta naevosa
Haematopus fuliginosus,366773,Haematopus fuliginosus
NA,NA,Biziura lobata
NA,NA,Hylacola pyrrhopygia
NA,NA,Calamanthus fuliginosus
NA,NA,Anas castanea
NA,NA,Corvus coronoides
NA,NA,Epthianura albifrons
Poliocephalus poliocephalus,366619,Poliocephalus poliocephalus
NA,NA,Neophema petrophila
Pluvialis squatarola,159137,Pluvialis squatarola
Pluvialis dominica,159136,Pluvialis dominica
Arenaria interpres,147431,Arenaria interpres
Calidris tenuirostris,366592,Calidris tenuirostris
NA,NA,Tylos capensis
NA,NA,Tylos granulatus
NA,NA,Ardea humbloti
Limosa lapponica,159034,Limosa lapponica
Calidris fuscicollis,159050,Calidris fuscicollis
Limnodromus semipalmatus,366861,Limnodromus semipalmatus
Calidris minutilla,159054,Calidris minutilla
Calidris pusilla,159055,Calidris pusilla
Calidris melanotos,159053,Calidris melanotos
Limosa haemastica,159033,Limosa haemastica
Calidris alpina,159047,Calidris alpina
Rhinolepadichthys lineatus,1865521,Rhinolepadichthys lineatus
Charadrius vociferus,159127,Charadrius vociferus
Limnodromus scolopaceus,158957,Limnodromus scolopaceus
Calidris falcinellus,1488272,Calidris falcinellus
Chimaera supapae,1804817,Chimaera supapae
Dichichthys satoi,1846225,Dichichthys satoi
Limosa fedoa,158965,Limosa fedoa
Limnodromus griseus,158955,Limnodromus griseus
NA,NA,Opistognathus albomaculatus
NA,NA,Opistognathus parvus
NA,NA,Opistognathus triops
NA,NA,Opistognathus wassi
NA,NA,Opistognathus aurolineatus
NA,NA,Opistognathus biporus
NA,NA,Opistognathus bathyphilus
NA,NA,Opistognathus pholeter
NA,NA,Opistognathus helvolus
NA,NA,Pseudogilbia australis
NA,NA,Opistognathus asper
Siganus laqueus,305078,Siganus laqueus
NA,NA,Opistognathus flavidus
NA,NA,Opistognathus microspilus
NA,NA,Opistognathus megalops
NA,NA,Opistognathus hyalinus
NA,NA,Opistognathus erdmanni
NA,NA,Opistognathus challenger
NA,NA,Opistognathus nigripinnis
NA,NA,Opistognathus vigilax
Pseudovespicula zollingeri,1871577,Pseudovespicula zollingeri
NA,NA,Trichosomus trachinoides
NA,NA,Paloa villadolidi
Tringa melanoleuca,158967,Tringa melanoleuca
Chimaera stellata,1804816,Chimaera stellata
Leucoraja longirostris,1845490,Leucoraja longirostris
Calidris mauri,366588,Calidris mauri
Calidris bairdii,159048,Calidris bairdii
NA,NA,Himantopus novaezelandiae
Recurvirostra americana,159140,Recurvirostra americana
Charadrius semipalmatus,159126,Charadrius semipalmatus
NA,NA,Pterodroma rupinarum
NA,NA,Bulweria bifax
Arenaria melanocephala,366869,Arenaria melanocephala
Calidris ptilocnemis,366589,Calidris ptilocnemis
Calidris maritima,159052,Calidris maritima
NA,NA,Steganopus tricolor
Actitis macularius,159081,Actitis macularius
Tringa incana,567470,Tringa incana
Tringa semipalmata,567466,Tringa semipalmata
NA,NA,Curaeus curaeus
NA,NA,Chalcites basalis
NA,NA,Trachyphonus margaritatus
NA,NA,Merops americanus
NA,NA,Merops viridis
NA,NA,Falco berigora
NA,NA,Alcedo meninting
NA,NA,Ceyx azureus
NA,NA,Corythornis vintsioides
NA,NA,Circus approximans
NA,NA,Falco cenchroides
NA,NA,Alcedo semitorquata
NA,NA,Alcedo quadribrachys
NA,NA,Merops revoilii
NA,NA,Corythornis cristatus
NA,NA,Caprimulgus natalensis
NA,NA,Haliastur indus
NA,NA,Halcyon gularis
NA,NA,Caprimulgus affinis
NA,NA,Caprimulgus mahrattensis
NA,NA,Apus berliozi
NA,NA,Todiramphus recurvirostris
NA,NA,Todiramphus saurophagus
Anhinga novaehollandiae,446496,Anhinga novaehollandiae
Todiramphus chloris,567851,Todiramphus chloris
NA,NA,Megaceryle maxima
NA,NA,Cinclodes fuscus
NA,NA,Pelargopsis melanorhyncha
NA,NA,Alcedo coerulescens
Chionis minor,225982,Chionis minor
Chionis albus,225754,Chionis albus
NA,NA,Prinia inornata
NA,NA,Poodytes punctatus
NA,NA,Myiarchus magnirostris
NA,NA,Asthenes pyrrholeuca
NA,NA,Cinclodes nigrofumosus
Cinclodes taczanowskii,1674263,Cinclodes taczanowskii
NA,NA,Lessonia rufa
NA,NA,Cisticola textrix
NA,NA,Poodytes gramineus
NA,NA,Muscisaxicola maclovianus
NA,NA,Cinnyris melanogastrus
NA,NA,Oenanthe seebohmi
NA,NA,Hirundo neoxena
NA,NA,Alaudala raytal
NA,NA,Hirundo javanica
NA,NA,Limnornis curvirostris
NA,NA,Cinnyris pulchellus
NA,NA,Acrocephalus gracilirostris
NA,NA,Tachycineta leucorrhoa
NA,NA,Tachycineta albiventer
NA,NA,Cincloramphus timoriensis
NA,NA,Tachycineta meyeni
NA,NA,Corvus orru
NA,NA,Hirundo aethiopica
NA,NA,Phedina borbonica
NA,NA,Tachycineta stolzmanni
NA,NA,Macronyx capensis
NA,NA,Motacilla capensis
NA,NA,Motacilla flaviventris
NA,NA,Passer castanopterus
NA,NA,Passer flaveolus
NA,NA,Taeniopygia castanotis
NA,NA,Eurostopodus mystacalis
NA,NA,Momotus bahamensis
NA,NA,Corythornis leucogaster
Halcyon senegaloides,212589,Halcyon senegaloides
NA,NA,Hirundo nigrita
NA,NA,Pachycephala melanura
NA,NA,Corvus macrorhynchos
NA,NA,Rhipidura nigritorquis
NA,NA,Oenanthe isabellina
NA,NA,Curruca conspicillata
NA,NA,Merops persicus
NA,NA,Corvus corone
NA,NA,Pyrrhocorax pyrrhocorax
NA,NA,Galerida cristata
NA,NA,Cisticola juncidis
NA,NA,Alcedo atthis
Haliaeetus leucocephalus,159374,Haliaeetus leucocephalus
NA,NA,Anas gibberifrons
Charadrius tricollaris,212615,Charadrius tricollaris
NA,NA,Ardea melanocephala
NA,NA,Zapornia flavirostra
Haematopus leucopodus,366769,Haematopus leucopodus
NA,NA,Cygnus melancoryphus
Platalea alba,212707,Platalea alba
Platalea regia,1436389,Platalea regia
NA,NA,Vanellus armatus
Phalacrocorax sulcirostris,343955,Phalacrocorax sulcirostris
Anas capensis,212711,Anas capensis
NA,NA,Egretta picata
NA,NA,Aythya australis
NA,NA,Ardea sumatrana
Lophonetta specularioides,225980,Lophonetta specularioides
Glareola nuchalis,366833,Glareola nuchalis
NA,NA,Ardea brachyrhyncha
Glareola maldivarum,366835,Glareola maldivarum
Charadrius modestus,366860,Charadrius modestus
Anas georgica,225775,Anas georgica
Charadrius veredus,366843,Charadrius veredus
NA,NA,Gallinago nigripennis
NA,NA,Amaurornis phoenicurus
NA,NA,Paragallinula angulata
NA,NA,Microcarbo africanus
NA,NA,Nettapus pulchellus
Calidris subminuta,366590,Calidris subminuta
NA,NA,Ardea plumifera
NA,NA,Nycticorax caledonicus
Anhinga rufa,446495,Anhinga rufa
Glareola lactea,366836,Glareola lactea
NA,NA,Spatula rhynchotis
NA,NA,Mycteria ibis
NA,NA,Spatula smithii
NA,NA,Eulabeornis castaneoventris
NA,NA,Spatula platalea
NA,NA,Ardeola bacchus
NA,NA,Chloephaga poliocephala
Haematopus ater,366768,Haematopus ater
NA,NA,Ardeola grayii
Charadrius falklandicus,366859,Charadrius falklandicus
Anas bahamensis,422573,Anas bahamensis
NA,NA,Radjah radjah
Egretta ardesiaca,212663,Egretta ardesiaca
NA,NA,Burhinus capensis
NA,NA,Tadorna tadornoides
NA,NA,Anas gracilis
NA,NA,Tadorna variegata
Burhinus vermiculatus,212826,Burhinus vermiculatus
NA,NA,Aramides mangle
NA,NA,Dendrocygna javanica
Charadrius marginatus,212613,Charadrius marginatus
Dromas ardeola,212718,Dromas ardeola
NA,NA,Rostratula benghalensis
Charadrius ruficapillus,366847,Charadrius ruficapillus
NA,NA,Pluvianus aegyptius
Pelecanus rufescens,212726,Pelecanus rufescens
NA,NA,Amaurornis cinerea
NA,NA,Ixobrychus flavicollis
NA,NA,Anas sparsa
NA,NA,Ciconia microscelis
NA,NA,Zapornia tabuensis
NA,NA,Anas superciliosa
NA,NA,Microparra capensis
NA,NA,Anas undulata
Podiceps major,366612,Podiceps major
NA,NA,Actophilornis africanus
Vanellus melanopterus,366838,Vanellus melanopterus
Pelecanus conspicillatus,343934,Pelecanus conspicillatus
NA,NA,Vanellus albiceps
NA,NA,Grus grus
Etmopterus lii,1845493,Etmopterus lii
Harriotta avia,1804815,Harriotta avia
Squalus hima,1845491,Squalus hima
Neotrygon yakkoei,1831299,Neotrygon yakkoei
NA,NA,Anas luzonica
NA,NA,Ephippiorhynchus asiaticus
Esacus magnirostris,366831,Esacus magnirostris
Calidris ruficollis,212601,Calidris ruficollis
Haloaleurodiscus mangrovei,437687,Haloaleurodiscus mangrovei
NA,NA,Grus monacha
Althenia filiformis,593699,Althenia filiformis
Charadrius placidus,366841,Charadrius placidus
Charadrius wilsonia,366844,Charadrius wilsonia
NA,NA,Cinclodes antarcticus
Anas eatoni,225778,Anas eatoni
NA,NA,Laterallus spilopterus
NA,NA,Rallus wetmorei
NA,NA,Charadrius bifrontatus
Charadrius alexandrinus,212611,Charadrius alexandrinus
Nycticorax nycticorax,159123,Nycticorax nycticorax
Glareola cinerea,366834,Glareola cinerea
Charadrius pecuarius,366846,Charadrius pecuarius
Chlidonias leucopterus,137136,Chlidonias leucopterus
Ardea goliath,212666,Ardea goliath
NA,NA,Fulica cristata
NA,NA,Pelargopsis capensis
NA,NA,Merops superciliosus
NA,NA,Ardea alba
NA,NA,Ceryle rudis
NA,NA,Rhipidura javanica
NA,NA,Dryolimnas cuvieri
NA,NA,Halcyon smyrnensis
NA,NA,Macheiramphus alcinus
NA,NA,Todiramphus sanctus
NA,NA,Aythya novaeseelandiae
Glareola pratincola,212723,Glareola pratincola
Haematopus longirostris,366772,Haematopus longirostris
Charadrius hiaticula,212619,Charadrius hiaticula
NA,NA,Ardea pacifica
NA,NA,Hirundo tahitica
NA,NA,Apus unicolor
Egretta novaehollandiae,567845,Egretta novaehollandiae
NA,NA,Gallinula tenebrosa
NA,NA,Haliastur sphenurus
NA,NA,Lewinia pectoralis
NA,NA,Fulica americana
NA,NA,Calidris pugnax
Tringa totanus,158970,Tringa totanus
Actitis hypoleucos,212603,Actitis hypoleucos
Anser brachyrhynchus,416683,Anser brachyrhynchus
Charadrius dubius,212617,Charadrius dubius
NA,NA,Cygnus olor
NA,NA,Egretta caerulea
Egretta thula,159116,Egretta thula
Egretta tricolor,159117,Egretta tricolor
NA,NA,Gallinula chloropus
NA,NA,Gallinula galeata
Haematopus palliatus,159128,Haematopus palliatus
Himantopus himantopus,212609,Himantopus himantopus
NA,NA,Ixobrychus exilis
NA,NA,Lymnocryptes minimus
NA,NA,Mareca penelope
NA,NA,Mergellus albellus
NA,NA,Microcarbo pygmaeus
NA,NA,Mycteria americana
Pelecanus erythrorhynchos,159058,Pelecanus erythrorhynchos
Platalea leucorodia,416678,Platalea leucorodia
Plegadis falcinellus,158977,Plegadis falcinellus
NA,NA,Porphyrio porphyrio
Rynchops niger,159079,Rynchops niger
Tachybaptus ruficollis,148790,Tachybaptus ruficollis
Tringa nebularia,158968,Tringa nebularia
Xenus cinereus,212602,Xenus cinereus
Pluvialis fulva,232044,Pluvialis fulva
Numenius americanus,366865,Numenius americanus
